{
  "results": [
    {
      "command": "agentgrep jcode__hidden__match",
      "mean": 0.03381983126666667,
      "stddev": 0.004661306663542507,
      "median": 0.033285163,
      "user": 0.061281533333333325,
      "system": 0.032296799999999994,
      "min": 0.028248805000000002,
      "max": 0.044432632,
      "times": [
        0.028248805000000002,
        0.029764804000000002,
        0.028822879000000003,
        0.034976769000000005,
        0.035069633,
        0.03345493,
        0.044432632,
        0.033285163,
        0.030020388000000002,
        0.030854433,
        0.031255967,
        0.031049425000000002,
        0.037943143000000006,
        0.037269538000000005,
        0.040848960000000004
      ],
      "memory_usage_byte": [
        9658368,
        9658368,
        9658368,
        9658368,
        9658368,
        9658368,
        9658368,
        9658368,
        9666560,
        9666560,
        9666560,
        9666560,
        9695232,
        9695232,
        9695232
      ],
      "exit_codes": [
        0,
        0,
        0,
        0,
        0,
        0,
        0,
        0,
        0,
        0,
        0,
        0,
        0,
        0,
        0
      ]
    },
    {
      "command": "rg jcode__hidden__match",
      "mean": 0.012761566466666669,
      "stddev": 0.0011662339911456062,
      "median": 0.012698221,
      "user": 0.012938599999999998,
      "system": 0.019894,
      "min": 0.01086521,
      "max": 0.014796478,
      "times": [
        0.011225839000000001,
        0.012937271,
        0.013625429000000001,
        0.014796478,
        0.012076351,
        0.013143744,
        0.012066786000000001,
        0.013861788000000002,
        0.011383787000000001,
        0.012698221,
        0.012301578,
        0.01086521,
        0.013482754000000001,
        0.014527040000000001,
        0.012431221000000001
      ],
      "memory_usage_byte": [
        9695232,
        9695232,
        9695232,
        9695232,
        9695232,
        9695232,
        9695232,
        9695232,
        9695232,
        9695232,
        9695232,
        9695232,
        9695232,
        9695232,
        9695232
      ],
      "exit_codes": [
        0,
        0,
        0,
        0,
        0,
        0,
        0,
        0,
        0,
        0,
        0,
        0,
        0,
        0,
        0
      ]
    }
  ]
}
