{
  "results": [
    {
      "command": "agentgrep jcode__rare_literal__match",
      "mean": 0.010647538066666665,
      "stddev": 0.0016029981458346586,
      "median": 0.010312573,
      "user": 0.0082206,
      "system": 0.014974333333333333,
      "min": 0.008616377,
      "max": 0.014107675,
      "times": [
        0.010601211000000001,
        0.012495219,
        0.009734371,
        0.011781955,
        0.014107675,
        0.010324654,
        0.009215091,
        0.008616377,
        0.008790742,
        0.009640779,
        0.009546249000000001,
        0.010219842,
        0.011263223000000001,
        0.013063110000000001,
        0.010312573
      ],
      "memory_usage_byte": [
        8081408,
        8081408,
        8081408,
        8081408,
        8081408,
        8081408,
        8081408,
        8081408,
        8081408,
        8081408,
        8081408,
        8081408,
        8081408,
        8081408,
        8081408
      ],
      "exit_codes": [
        0,
        0,
        0,
        0,
        0,
        0,
        0,
        0,
        0,
        0,
        0,
        0,
        0,
        0,
        0
      ]
    },
    {
      "command": "rg jcode__rare_literal__match",
      "mean": 0.01002130166666667,
      "stddev": 0.0009281885641613737,
      "median": 0.009942542,
      "user": 0.008247,
      "system": 0.014802466666666668,
      "min": 0.008180114,
      "max": 0.012222799000000001,
      "times": [
        0.012222799000000001,
        0.010818113,
        0.009482357,
        0.009806712,
        0.009326403,
        0.009942542,
        0.009586879000000001,
        0.010565563,
        0.010952525000000001,
        0.010503287,
        0.010072764000000001,
        0.008180114,
        0.010051166,
        0.009318458,
        0.009489843000000001
      ],
      "memory_usage_byte": [
        8081408,
        8081408,
        8081408,
        8081408,
        8081408,
        8081408,
        8081408,
        8081408,
        8081408,
        8081408,
        8081408,
        8081408,
        8081408,
        8101888,
        8101888
      ],
      "exit_codes": [
        0,
        0,
        0,
        0,
        0,
        0,
        0,
        0,
        0,
        0,
        0,
        0,
        0,
        0,
        0
      ]
    }
  ]
}
