{
  "results": [
    {
      "command": "agentgrep jcode__common_literal__match",
      "mean": 0.030658597933333333,
      "stddev": 0.0032405477164914676,
      "median": 0.031215410000000002,
      "user": 0.05633173333333332,
      "system": 0.02622793333333333,
      "min": 0.023629984000000003,
      "max": 0.036835617,
      "times": [
        0.032288885,
        0.032837083,
        0.031191263,
        0.029789107000000002,
        0.032025289000000005,
        0.023629984000000003,
        0.032889552,
        0.036835617,
        0.031583227000000005,
        0.03014549,
        0.031215410000000002,
        0.027338036000000003,
        0.027432669000000003,
        0.027090215,
        0.033587142
      ],
      "memory_usage_byte": [
        9064448,
        9392128,
        9392128,
        9392128,
        9392128,
        9392128,
        9392128,
        9392128,
        9392128,
        9392128,
        9392128,
        9392128,
        9392128,
        9392128,
        9392128
      ],
      "exit_codes": [
        0,
        0,
        0,
        0,
        0,
        0,
        0,
        0,
        0,
        0,
        0,
        0,
        0,
        0,
        0
      ]
    },
    {
      "command": "rg jcode__common_literal__match",
      "mean": 0.008795396133333334,
      "stddev": 0.0009246911026319521,
      "median": 0.008556926000000001,
      "user": 0.009573466666666666,
      "system": 0.013824266666666666,
      "min": 0.007525348,
      "max": 0.010495215,
      "times": [
        0.008125458,
        0.008860372,
        0.010495215,
        0.008556926000000001,
        0.009824910000000001,
        0.007794528,
        0.008178901,
        0.007525348,
        0.009769802000000001,
        0.008129964,
        0.008445993,
        0.009358121,
        0.009075908,
        0.007757361000000001,
        0.010032135000000001
      ],
      "memory_usage_byte": [
        9392128,
        9392128,
        9392128,
        9392128,
        9392128,
        9392128,
        9392128,
        9392128,
        9392128,
        9392128,
        9392128,
        9392128,
        9392128,
        9392128,
        9392128
      ],
      "exit_codes": [
        0,
        0,
        0,
        0,
        0,
        0,
        0,
        0,
        0,
        0,
        0,
        0,
        0,
        0,
        0
      ]
    }
  ]
}
