{
  "results": [
    {
      "command": "agentgrep jcode__zero_match_literal__match",
      "mean": 0.010970554200000001,
      "stddev": 0.001014948110502925,
      "median": 0.011190088,
      "user": 0.0075278666666666666,
      "system": 0.015896200000000003,
      "min": 0.00957783,
      "max": 0.013028105000000002,
      "times": [
        0.01160528,
        0.011674497,
        0.01040769,
        0.010247837000000001,
        0.011595269,
        0.010223055,
        0.012345843,
        0.013028105000000002,
        0.011190088,
        0.00957783,
        0.011434099000000001,
        0.010468809,
        0.009656761,
        0.011285922,
        0.009817228
      ],
      "memory_usage_byte": [
        7925760,
        7925760,
        7925760,
        7925760,
        7925760,
        7925760,
        7925760,
        7925760,
        7925760,
        8024064,
        8024064,
        8024064,
        8024064,
        8024064,
        8024064
      ],
      "exit_codes": [
        0,
        0,
        0,
        0,
        0,
        0,
        0,
        0,
        0,
        0,
        0,
        0,
        0,
        0,
        0
      ]
    },
    {
      "command": "rg jcode__zero_match_literal__match",
      "mean": 0.0096605066,
      "stddev": 0.0011402611505720835,
      "median": 0.009407554,
      "user": 0.008324599999999998,
      "system": 0.0144362,
      "min": 0.008338507,
      "max": 0.012114054,
      "times": [
        0.008936421,
        0.010224184,
        0.010855369,
        0.009323201000000001,
        0.008413205,
        0.008346382000000001,
        0.008340150000000001,
        0.009407554,
        0.009999355000000001,
        0.012114054,
        0.008993841,
        0.010349027,
        0.010498718,
        0.008338507,
        0.010767631000000001
      ],
      "memory_usage_byte": [
        8024064,
        8024064,
        8024064,
        8024064,
        8024064,
        8024064,
        8024064,
        8024064,
        8024064,
        8024064,
        8024064,
        8024064,
        8024064,
        8024064,
        8024064
      ],
      "exit_codes": [
        1,
        1,
        1,
        1,
        1,
        1,
        1,
        1,
        1,
        1,
        1,
        1,
        1,
        1,
        1
      ]
    }
  ]
}
