{
  "results": [
    {
      "command": "agentgrep jcode__regex_alternation__match",
      "mean": 0.028639902200000004,
      "stddev": 0.0032463032829948978,
      "median": 0.028001900000000003,
      "user": 0.04313753333333333,
      "system": 0.02288873333333333,
      "min": 0.024644911000000002,
      "max": 0.038330414,
      "times": [
        0.027359753,
        0.029155441,
        0.02879307,
        0.028441556000000003,
        0.026997067000000003,
        0.029128745,
        0.027483775000000002,
        0.031402421,
        0.030668665,
        0.02787455,
        0.024644911000000002,
        0.038330414,
        0.028001900000000003,
        0.026332242000000002,
        0.024984023
      ],
      "memory_usage_byte": [
        8957952,
        8957952,
        8957952,
        8957952,
        8957952,
        8966144,
        8966144,
        8966144,
        8966144,
        8966144,
        8966144,
        8966144,
        8966144,
        8966144,
        8966144
      ],
      "exit_codes": [
        0,
        0,
        0,
        0,
        0,
        0,
        0,
        0,
        0,
        0,
        0,
        0,
        0,
        0,
        0
      ]
    },
    {
      "command": "rg jcode__regex_alternation__match",
      "mean": 0.0113947104,
      "stddev": 0.001871301198731697,
      "median": 0.011261898000000001,
      "user": 0.012497,
      "system": 0.015797533333333332,
      "min": 0.008843277,
      "max": 0.015447244,
      "times": [
        0.008843277,
        0.009746062,
        0.01184371,
        0.009299075,
        0.010107321,
        0.010612258000000001,
        0.011572628000000001,
        0.010331767,
        0.011465997,
        0.010814017,
        0.015447244,
        0.013731778,
        0.011261898000000001,
        0.011362391000000001,
        0.014481233000000001
      ],
      "memory_usage_byte": [
        8966144,
        8966144,
        8966144,
        8966144,
        8966144,
        8966144,
        8966144,
        8966144,
        8966144,
        8966144,
        8966144,
        8966144,
        8966144,
        8966144,
        8966144
      ],
      "exit_codes": [
        0,
        0,
        0,
        0,
        0,
        0,
        0,
        0,
        0,
        0,
        0,
        0,
        0,
        0,
        0
      ]
    }
  ]
}
