{
  "results": [
    {
      "command": "agentgrep jcode__rare_literal__match",
      "mean": 0.009212942866666667,
      "stddev": 0.000883705069854099,
      "median": 0.009469089,
      "user": 0.0085574,
      "system": 0.012836399999999998,
      "min": 0.0077784790000000005,
      "max": 0.010412187,
      "times": [
        0.008360211000000001,
        0.009962597,
        0.00904302,
        0.008571008,
        0.008995215,
        0.008133244000000001,
        0.0077784790000000005,
        0.009469089,
        0.010098364,
        0.010412187,
        0.009474914000000001,
        0.010078515000000001,
        0.00791616,
        0.009782179,
        0.010118961000000001
      ],
      "memory_usage_byte": [
        8089600,
        8089600,
        8089600,
        8089600,
        8089600,
        8089600,
        8089600,
        8212480,
        8212480,
        8212480,
        8212480,
        8212480,
        8212480,
        8212480,
        8212480
      ],
      "exit_codes": [
        0,
        0,
        0,
        0,
        0,
        0,
        0,
        0,
        0,
        0,
        0,
        0,
        0,
        0,
        0
      ]
    },
    {
      "command": "rg jcode__rare_literal__match",
      "mean": 0.00803621,
      "stddev": 0.0006497185600156867,
      "median": 0.007989341,
      "user": 0.0070879333333333325,
      "system": 0.012797933333333332,
      "min": 0.006887006,
      "max": 0.009052548,
      "times": [
        0.008030357,
        0.007599959000000001,
        0.007989341,
        0.008536048000000001,
        0.007837082,
        0.008184417000000001,
        0.007057287000000001,
        0.008942441,
        0.009006670000000001,
        0.007775720000000001,
        0.007632721,
        0.007783947,
        0.006887006,
        0.009052548,
        0.008227606
      ],
      "memory_usage_byte": [
        8212480,
        8212480,
        8212480,
        8212480,
        8212480,
        8212480,
        8212480,
        8212480,
        8212480,
        8212480,
        8212480,
        8212480,
        8212480,
        8212480,
        8212480
      ],
      "exit_codes": [
        0,
        0,
        0,
        0,
        0,
        0,
        0,
        0,
        0,
        0,
        0,
        0,
        0,
        0,
        0
      ]
    }
  ]
}
