{
  "results": [
    {
      "command": "agentgrep jcode__zero_match_literal__match",
      "mean": 0.009204418,
      "stddev": 0.0009548353016706225,
      "median": 0.008897805,
      "user": 0.007433066666666666,
      "system": 0.013331466666666665,
      "min": 0.007905189,
      "max": 0.010796459000000001,
      "times": [
        0.009576506,
        0.008909643,
        0.008659109,
        0.008472236000000001,
        0.008897805,
        0.010796459000000001,
        0.008412739,
        0.010164321,
        0.007905189,
        0.008787956000000001,
        0.008751746000000001,
        0.008233181000000001,
        0.009089791,
        0.010745588,
        0.010664001000000001
      ],
      "memory_usage_byte": [
        8089600,
        8089600,
        8089600,
        8089600,
        8089600,
        8089600,
        8089600,
        8089600,
        8089600,
        8089600,
        8089600,
        8089600,
        8089600,
        8089600,
        8089600
      ],
      "exit_codes": [
        0,
        0,
        0,
        0,
        0,
        0,
        0,
        0,
        0,
        0,
        0,
        0,
        0,
        0,
        0
      ]
    },
    {
      "command": "rg jcode__zero_match_literal__match",
      "mean": 0.009582573466666666,
      "stddev": 0.0014831271704773897,
      "median": 0.009097805,
      "user": 0.008459733333333332,
      "system": 0.013170933333333332,
      "min": 0.0075143070000000005,
      "max": 0.012041395000000002,
      "times": [
        0.00822372,
        0.008405625,
        0.010159812,
        0.009063259,
        0.010875578,
        0.008172516000000001,
        0.011802187,
        0.009894184,
        0.011193887000000001,
        0.009097805,
        0.012041395000000002,
        0.007761499000000001,
        0.010698634,
        0.0075143070000000005,
        0.008834194
      ],
      "memory_usage_byte": [
        8089600,
        8089600,
        8089600,
        8089600,
        8089600,
        8089600,
        8089600,
        8089600,
        8089600,
        8089600,
        8089600,
        8089600,
        8089600,
        8089600,
        8089600
      ],
      "exit_codes": [
        1,
        1,
        1,
        1,
        1,
        1,
        1,
        1,
        1,
        1,
        1,
        1,
        1,
        1,
        1
      ]
    }
  ]
}
