{
  "results": [
    {
      "command": "agentgrep jcode__common_literal__paths_only",
      "mean": 0.009971956199999998,
      "stddev": 0.0016628283197893026,
      "median": 0.009529267000000001,
      "user": 0.008227333333333333,
      "system": 0.015041999999999998,
      "min": 0.007847044000000001,
      "max": 0.014640872000000001,
      "times": [
        0.008387581,
        0.008618862,
        0.009155353,
        0.009325314000000001,
        0.009529267000000001,
        0.007847044000000001,
        0.010539473,
        0.00917751,
        0.009897147,
        0.010908637,
        0.010674458000000001,
        0.014640872000000001,
        0.009594952,
        0.011946358,
        0.009336515
      ],
      "memory_usage_byte": [
        8085504,
        8085504,
        8085504,
        8085504,
        8085504,
        8085504,
        8085504,
        8085504,
        8085504,
        8085504,
        8085504,
        8085504,
        8085504,
        8085504,
        8085504
      ],
      "exit_codes": [
        0,
        0,
        0,
        0,
        0,
        0,
        0,
        0,
        0,
        0,
        0,
        0,
        0,
        0,
        0
      ]
    },
    {
      "command": "rg jcode__common_literal__paths_only",
      "mean": 0.007545588266666668,
      "stddev": 0.0006867192169747053,
      "median": 0.007615276000000001,
      "user": 0.0069652666666666675,
      "system": 0.014177799999999999,
      "min": 0.006480672000000001,
      "max": 0.008792986000000001,
      "times": [
        0.007571385000000001,
        0.006627937,
        0.007668491,
        0.007856253,
        0.007843117,
        0.008577935,
        0.007868654000000001,
        0.007378514,
        0.006480672000000001,
        0.007058068000000001,
        0.006920024,
        0.007615276000000001,
        0.008792986000000001,
        0.008177606,
        0.006746906
      ],
      "memory_usage_byte": [
        8085504,
        8085504,
        8085504,
        8085504,
        8085504,
        8085504,
        8085504,
        8085504,
        8085504,
        8085504,
        8085504,
        8085504,
        8085504,
        8085504,
        8085504
      ],
      "exit_codes": [
        0,
        0,
        0,
        0,
        0,
        0,
        0,
        0,
        0,
        0,
        0,
        0,
        0,
        0,
        0
      ]
    }
  ]
}
