{
  "results": [
    {
      "command": "agentgrep jcode__dash_literal__paths_only",
      "mean": 0.010338795399999998,
      "stddev": 0.001221936299408782,
      "median": 0.009841525,
      "user": 0.008465799999999999,
      "system": 0.015681333333333332,
      "min": 0.008678691,
      "max": 0.013292905,
      "times": [
        0.010738255,
        0.009988325000000001,
        0.011321717,
        0.013292905,
        0.011192200000000001,
        0.009790239000000001,
        0.011730422,
        0.009271333000000001,
        0.009242637,
        0.009584025000000001,
        0.011251617,
        0.009841525,
        0.008678691,
        0.009404435000000001,
        0.009753605
      ],
      "memory_usage_byte": [
        7958528,
        7958528,
        7958528,
        7958528,
        7958528,
        7958528,
        7958528,
        7958528,
        7958528,
        7958528,
        7958528,
        7958528,
        8011776,
        8011776,
        8011776
      ],
      "exit_codes": [
        0,
        0,
        0,
        0,
        0,
        0,
        0,
        0,
        0,
        0,
        0,
        0,
        0,
        0,
        0
      ]
    },
    {
      "command": "rg jcode__dash_literal__paths_only",
      "mean": 0.008625941066666667,
      "stddev": 0.0010297750861764127,
      "median": 0.008783049000000001,
      "user": 0.00815,
      "system": 0.015096000000000002,
      "min": 0.007058957,
      "max": 0.011168228,
      "times": [
        0.007058957,
        0.008705761000000001,
        0.007841924,
        0.007740355000000001,
        0.009099759,
        0.009542931000000001,
        0.008795815,
        0.008389621,
        0.009338401000000001,
        0.008783049000000001,
        0.011168228,
        0.008800409,
        0.009131825000000001,
        0.0075018310000000005,
        0.00749025
      ],
      "memory_usage_byte": [
        8011776,
        8011776,
        8011776,
        8011776,
        8011776,
        8024064,
        8024064,
        8024064,
        8024064,
        8024064,
        8024064,
        8024064,
        8024064,
        8024064,
        8024064
      ],
      "exit_codes": [
        0,
        0,
        0,
        0,
        0,
        0,
        0,
        0,
        0,
        0,
        0,
        0,
        0,
        0,
        0
      ]
    }
  ]
}
