{
  "results": [
    {
      "command": "agentgrep jcode__hidden__match",
      "mean": 0.033723857600000004,
      "stddev": 0.005625721505828016,
      "median": 0.031229753000000002,
      "user": 0.06216793333333332,
      "system": 0.03135006666666667,
      "min": 0.026604547000000003,
      "max": 0.046111594000000006,
      "times": [
        0.026604547000000003,
        0.030758241000000002,
        0.02761471,
        0.043386829,
        0.030778976000000003,
        0.033002601,
        0.03184016,
        0.030142112000000002,
        0.036751529000000005,
        0.039228029000000005,
        0.031229753000000002,
        0.030299258000000003,
        0.031204120000000002,
        0.036905405,
        0.046111594000000006
      ],
      "memory_usage_byte": [
        9641984,
        9641984,
        9641984,
        9641984,
        9641984,
        9641984,
        9641984,
        9641984,
        9641984,
        9641984,
        9641984,
        9641984,
        9641984,
        9641984,
        9641984
      ],
      "exit_codes": [
        0,
        0,
        0,
        0,
        0,
        0,
        0,
        0,
        0,
        0,
        0,
        0,
        0,
        0,
        0
      ]
    },
    {
      "command": "rg jcode__hidden__match",
      "mean": 0.011423225466666666,
      "stddev": 0.0008955086035182042,
      "median": 0.011192826000000001,
      "user": 0.012884466666666667,
      "system": 0.0199188,
      "min": 0.010167138000000001,
      "max": 0.013301990000000001,
      "times": [
        0.01112347,
        0.012505713000000002,
        0.012570321,
        0.011660661000000001,
        0.011473073,
        0.013301990000000001,
        0.011192826000000001,
        0.011654883000000001,
        0.010800216000000001,
        0.010431489,
        0.010650718,
        0.010167138000000001,
        0.012149975,
        0.010530413,
        0.011135496
      ],
      "memory_usage_byte": [
        9641984,
        9641984,
        9641984,
        9641984,
        9641984,
        9641984,
        9641984,
        9641984,
        9641984,
        9641984,
        9641984,
        9641984,
        9641984,
        9641984,
        9641984
      ],
      "exit_codes": [
        0,
        0,
        0,
        0,
        0,
        0,
        0,
        0,
        0,
        0,
        0,
        0,
        0,
        0,
        0
      ]
    }
  ]
}
