{
  "results": [
    {
      "command": "agentgrep jcode__regex_class__match",
      "mean": 0.025705957800000005,
      "stddev": 0.002688916062981066,
      "median": 0.024760453,
      "user": 0.04056146666666667,
      "system": 0.022446733333333333,
      "min": 0.022142613000000002,
      "max": 0.031637328,
      "times": [
        0.027984340000000003,
        0.022839407000000003,
        0.022142613000000002,
        0.022780111000000002,
        0.02645735,
        0.031637328,
        0.024215987,
        0.026049970000000002,
        0.026553505,
        0.024231131000000003,
        0.024548402,
        0.028769148,
        0.023737482,
        0.024760453,
        0.02888214
      ],
      "memory_usage_byte": [
        9007104,
        9007104,
        9007104,
        9007104,
        9007104,
        9007104,
        9007104,
        9007104,
        9007104,
        9007104,
        9007104,
        9007104,
        9007104,
        9138176,
        9138176
      ],
      "exit_codes": [
        0,
        0,
        0,
        0,
        0,
        0,
        0,
        0,
        0,
        0,
        0,
        0,
        0,
        0,
        0
      ]
    },
    {
      "command": "rg jcode__regex_class__match",
      "mean": 0.011899581800000001,
      "stddev": 0.0046803609478572455,
      "median": 0.010513429000000001,
      "user": 0.012581933333333333,
      "system": 0.014714733333333334,
      "min": 0.007553715000000001,
      "max": 0.025036788,
      "times": [
        0.012973316,
        0.010257256000000001,
        0.025036788,
        0.017398562,
        0.017050815,
        0.008133704,
        0.007553715000000001,
        0.011734935,
        0.009920647000000001,
        0.010513429000000001,
        0.009370252,
        0.010974487000000002,
        0.007780975000000001,
        0.008824117000000001,
        0.010970729
      ],
      "memory_usage_byte": [
        9138176,
        9138176,
        9138176,
        9138176,
        9138176,
        9138176,
        9138176,
        9138176,
        9138176,
        9138176,
        9138176,
        9138176,
        9138176,
        9138176,
        9138176
      ],
      "exit_codes": [
        0,
        0,
        0,
        0,
        0,
        0,
        0,
        0,
        0,
        0,
        0,
        0,
        0,
        0,
        0
      ]
    }
  ]
}
