{
  "results": [
    {
      "command": "agentgrep jcode__hidden__paths_only",
      "mean": 0.011697252,
      "stddev": 0.0018605351663026962,
      "median": 0.011138554,
      "user": 0.008825533333333331,
      "system": 0.019602333333333333,
      "min": 0.009992875,
      "max": 0.017541243,
      "times": [
        0.013382463,
        0.013056404,
        0.017541243,
        0.011716291,
        0.009992875,
        0.010497455000000001,
        0.01108077,
        0.010434843000000001,
        0.010485699000000001,
        0.011030729000000001,
        0.011418987,
        0.011585348,
        0.010776074,
        0.011321045,
        0.011138554
      ],
      "memory_usage_byte": [
        7892992,
        7958528,
        7958528,
        7958528,
        7958528,
        7958528,
        7958528,
        7958528,
        8032256,
        8052736,
        8052736,
        8052736,
        8052736,
        8052736,
        8052736
      ],
      "exit_codes": [
        0,
        0,
        0,
        0,
        0,
        0,
        0,
        0,
        0,
        0,
        0,
        0,
        0,
        0,
        0
      ]
    },
    {
      "command": "rg jcode__hidden__paths_only",
      "mean": 0.009908441999999998,
      "stddev": 0.0014754155265435274,
      "median": 0.009443779000000001,
      "user": 0.007632266666666666,
      "system": 0.02001353333333333,
      "min": 0.008922522,
      "max": 0.014930693,
      "times": [
        0.009178451,
        0.008922522,
        0.009702738,
        0.009213857,
        0.010530906000000001,
        0.014930693,
        0.010299613,
        0.010320897,
        0.009156974,
        0.009697346,
        0.009087059,
        0.009443779000000001,
        0.009723795,
        0.00919792,
        0.00922008
      ],
      "memory_usage_byte": [
        8151040,
        8151040,
        8151040,
        8151040,
        8151040,
        8151040,
        8151040,
        8151040,
        8151040,
        8151040,
        8151040,
        8151040,
        8151040,
        8151040,
        8151040
      ],
      "exit_codes": [
        0,
        0,
        0,
        0,
        0,
        0,
        0,
        0,
        0,
        0,
        0,
        0,
        0,
        0,
        0
      ]
    }
  ]
}
