{
  "results": [
    {
      "command": "agentgrep jcode__zero_match_literal__paths_only",
      "mean": 0.009934228666666668,
      "stddev": 0.0010237753250282346,
      "median": 0.010021319,
      "user": 0.0079184,
      "system": 0.014546466666666669,
      "min": 0.00818147,
      "max": 0.011503531,
      "times": [
        0.011198824000000001,
        0.010021749,
        0.010021319,
        0.011503531,
        0.011178223000000001,
        0.010000976,
        0.010911845,
        0.010447221000000001,
        0.009808618,
        0.010162049000000001,
        0.009262446,
        0.00818147,
        0.008425138,
        0.008944597,
        0.008945424
      ],
      "memory_usage_byte": [
        7974912,
        7974912,
        7974912,
        7974912,
        7974912,
        7974912,
        7974912,
        7974912,
        7974912,
        7974912,
        7974912,
        7974912,
        7974912,
        7974912,
        7974912
      ],
      "exit_codes": [
        0,
        0,
        0,
        0,
        0,
        0,
        0,
        0,
        0,
        0,
        0,
        0,
        0,
        0,
        0
      ]
    },
    {
      "command": "rg jcode__zero_match_literal__paths_only",
      "mean": 0.011561079,
      "stddev": 0.002787742744685,
      "median": 0.011223252000000001,
      "user": 0.0076468,
      "system": 0.015305866666666666,
      "min": 0.007902983,
      "max": 0.017559385,
      "times": [
        0.010390903,
        0.012746719,
        0.017559385,
        0.010480434,
        0.01212086,
        0.008787647,
        0.011265217000000001,
        0.009798473,
        0.008354194,
        0.007902983,
        0.011351964,
        0.015420655,
        0.015725125,
        0.010288374000000001,
        0.011223252000000001
      ],
      "memory_usage_byte": [
        7974912,
        7974912,
        7999488,
        8048640,
        8048640,
        8048640,
        8048640,
        8048640,
        8048640,
        8048640,
        8048640,
        8048640,
        8048640,
        8048640,
        8048640
      ],
      "exit_codes": [
        1,
        1,
        1,
        1,
        1,
        1,
        1,
        1,
        1,
        1,
        1,
        1,
        1,
        1,
        1
      ]
    }
  ]
}
