{
  "results": [
    {
      "command": "agentgrep jcode__regex_alternation__paths_only",
      "mean": 0.011687959066666668,
      "stddev": 0.0012578331488086096,
      "median": 0.011424879,
      "user": 0.009565333333333334,
      "system": 0.015098533333333332,
      "min": 0.010059489000000001,
      "max": 0.014340963000000002,
      "times": [
        0.011003163,
        0.010669823,
        0.012386446,
        0.010059489000000001,
        0.011441985,
        0.011911809,
        0.014340963000000002,
        0.010753511,
        0.010978044000000001,
        0.01034235,
        0.012566368000000001,
        0.012777650000000002,
        0.013799681000000001,
        0.011424879,
        0.010863225
      ],
      "memory_usage_byte": [
        7954432,
        8015872,
        8015872,
        8015872,
        8015872,
        8015872,
        8015872,
        8015872,
        8015872,
        8015872,
        8015872,
        8015872,
        8015872,
        8044544,
        8044544
      ],
      "exit_codes": [
        0,
        0,
        0,
        0,
        0,
        0,
        0,
        0,
        0,
        0,
        0,
        0,
        0,
        0,
        0
      ]
    },
    {
      "command": "rg jcode__regex_alternation__paths_only",
      "mean": 0.009859492266666665,
      "stddev": 0.0012416749429003133,
      "median": 0.010030274,
      "user": 0.009282799999999999,
      "system": 0.015021066666666666,
      "min": 0.008159069,
      "max": 0.013515358000000002,
      "times": [
        0.010714767,
        0.009036506,
        0.010030274,
        0.008935382,
        0.008159069,
        0.009428699,
        0.010168953000000001,
        0.008619282,
        0.010040366,
        0.010272692,
        0.009597546,
        0.01008176,
        0.009011972,
        0.013515358000000002,
        0.010279758
      ],
      "memory_usage_byte": [
        8044544,
        8085504,
        8085504,
        8085504,
        8085504,
        8085504,
        8085504,
        8085504,
        8085504,
        8085504,
        8085504,
        8085504,
        8085504,
        8085504,
        8085504
      ],
      "exit_codes": [
        0,
        0,
        0,
        0,
        0,
        0,
        0,
        0,
        0,
        0,
        0,
        0,
        0,
        0,
        0
      ]
    }
  ]
}
