{
  "results": [
    {
      "command": "agentgrep jcode__regex_class__paths_only",
      "mean": 0.010934741066666668,
      "stddev": 0.0010043726174059724,
      "median": 0.010606654,
      "user": 0.009863333333333333,
      "system": 0.016326466666666668,
      "min": 0.009818567,
      "max": 0.013870036,
      "times": [
        0.010514225,
        0.010205374000000001,
        0.011316224000000001,
        0.009818567,
        0.011318009,
        0.011220339000000001,
        0.010606654,
        0.010506284000000001,
        0.010046009,
        0.010391293000000001,
        0.013870036,
        0.009952775,
        0.011333853000000001,
        0.011210925,
        0.011710549
      ],
      "memory_usage_byte": [
        7979008,
        8179712,
        8179712,
        8179712,
        8179712,
        8179712,
        8179712,
        8179712,
        8179712,
        8179712,
        8179712,
        8179712,
        8179712,
        8179712,
        8179712
      ],
      "exit_codes": [
        0,
        0,
        0,
        0,
        0,
        0,
        0,
        0,
        0,
        0,
        0,
        0,
        0,
        0,
        0
      ]
    },
    {
      "command": "rg jcode__regex_class__paths_only",
      "mean": 0.009908645866666666,
      "stddev": 0.000832411837970576,
      "median": 0.010000711,
      "user": 0.009398066666666665,
      "system": 0.015869066666666667,
      "min": 0.008166738,
      "max": 0.011581694,
      "times": [
        0.009225934,
        0.008166738,
        0.010647470000000001,
        0.010000711,
        0.009518120000000001,
        0.011581694,
        0.008906288,
        0.010667679000000001,
        0.010229888000000001,
        0.010210971000000001,
        0.009816603,
        0.009251344,
        0.010478097,
        0.010236169,
        0.009691982
      ],
      "memory_usage_byte": [
        8179712,
        8179712,
        8179712,
        8179712,
        8179712,
        8179712,
        8179712,
        8179712,
        8179712,
        8179712,
        8179712,
        8179712,
        8179712,
        8179712,
        8179712
      ],
      "exit_codes": [
        0,
        0,
        0,
        0,
        0,
        0,
        0,
        0,
        0,
        0,
        0,
        0,
        0,
        0,
        0
      ]
    }
  ]
}
