{
  "results": [
    {
      "command": "agentgrep jcode__regex_class__paths_only",
      "mean": 0.010351898733333333,
      "stddev": 0.0012187116831064721,
      "median": 0.010096498,
      "user": 0.008855400000000001,
      "system": 0.014563733333333334,
      "min": 0.008964828000000001,
      "max": 0.013582899,
      "times": [
        0.009391519000000001,
        0.009076797000000001,
        0.008996756,
        0.010114278,
        0.011068295,
        0.013582899,
        0.011430468000000001,
        0.008964828000000001,
        0.011223802000000001,
        0.010039625,
        0.009678463,
        0.010096498,
        0.011176388,
        0.010551381,
        0.009886484000000001
      ],
      "memory_usage_byte": [
        7958528,
        7958528,
        7958528,
        7958528,
        8019968,
        8019968,
        8019968,
        8019968,
        8019968,
        8019968,
        8019968,
        8019968,
        8019968,
        8019968,
        8019968
      ],
      "exit_codes": [
        0,
        0,
        0,
        0,
        0,
        0,
        0,
        0,
        0,
        0,
        0,
        0,
        0,
        0,
        0
      ]
    },
    {
      "command": "rg jcode__regex_class__paths_only",
      "mean": 0.008234780933333333,
      "stddev": 0.0009135173252124737,
      "median": 0.00850237,
      "user": 0.006804533333333332,
      "system": 0.015317599999999997,
      "min": 0.007094177,
      "max": 0.010000137000000001,
      "times": [
        0.007751684000000001,
        0.008682525,
        0.007162917,
        0.0071603660000000005,
        0.008738949000000001,
        0.00802801,
        0.009040556,
        0.007154400000000001,
        0.007477109000000001,
        0.007094177,
        0.00850237,
        0.008584025,
        0.010000137000000001,
        0.008722352000000001,
        0.009422137
      ],
      "memory_usage_byte": [
        8019968,
        8019968,
        8019968,
        8019968,
        8019968,
        8019968,
        8019968,
        8019968,
        8019968,
        8019968,
        8019968,
        8024064,
        8024064,
        8024064,
        8024064
      ],
      "exit_codes": [
        0,
        0,
        0,
        0,
        0,
        0,
        0,
        0,
        0,
        0,
        0,
        0,
        0,
        0,
        0
      ]
    }
  ]
}
