{
  "results": [
    {
      "command": "agentgrep jcode__common_literal__paths_only",
      "mean": 0.010059958666666667,
      "stddev": 0.0009093582715345138,
      "median": 0.010093696000000001,
      "user": 0.007849466666666667,
      "system": 0.014624933333333335,
      "min": 0.008169355,
      "max": 0.011784844000000001,
      "times": [
        0.010272708,
        0.009620618000000001,
        0.010978435,
        0.010713519000000001,
        0.009338789,
        0.011784844000000001,
        0.010093696000000001,
        0.010680088,
        0.010752278,
        0.010453687000000001,
        0.009162267,
        0.009791872,
        0.008169355,
        0.010076228000000001,
        0.009010996
      ],
      "memory_usage_byte": [
        7897088,
        7897088,
        8085504,
        8085504,
        8085504,
        8085504,
        8085504,
        8085504,
        8085504,
        8085504,
        8085504,
        8085504,
        8085504,
        8085504,
        8085504
      ],
      "exit_codes": [
        0,
        0,
        0,
        0,
        0,
        0,
        0,
        0,
        0,
        0,
        0,
        0,
        0,
        0,
        0
      ]
    },
    {
      "command": "rg jcode__common_literal__paths_only",
      "mean": 0.009539684733333333,
      "stddev": 0.0006928937929212391,
      "median": 0.009824941,
      "user": 0.0065752,
      "system": 0.016775133333333338,
      "min": 0.008295599,
      "max": 0.010600029,
      "times": [
        0.010223224000000001,
        0.008841710000000001,
        0.010064936,
        0.010259695000000001,
        0.00923578,
        0.009901485,
        0.009328279,
        0.008964206,
        0.008295599,
        0.010600029,
        0.009824941,
        0.010145792,
        0.008703125,
        0.009844878000000001,
        0.008861592
      ],
      "memory_usage_byte": [
        8085504,
        8085504,
        8085504,
        8085504,
        8085504,
        8085504,
        8085504,
        8085504,
        8085504,
        8085504,
        8085504,
        8085504,
        8085504,
        8085504,
        8085504
      ],
      "exit_codes": [
        0,
        0,
        0,
        0,
        0,
        0,
        0,
        0,
        0,
        0,
        0,
        0,
        0,
        0,
        0
      ]
    }
  ]
}
