{
  "results": [
    {
      "command": "agentgrep jcode__glob_md__match",
      "mean": 0.012506265400000001,
      "stddev": 0.0015633143325719787,
      "median": 0.012348844000000001,
      "user": 0.009121666666666667,
      "system": 0.008751,
      "min": 0.010503658,
      "max": 0.015475794000000001,
      "times": [
        0.013251925000000001,
        0.012348844000000001,
        0.010503658,
        0.010771675000000001,
        0.012617263,
        0.01088249,
        0.012789277,
        0.011950638000000001,
        0.011879450000000001,
        0.012291411,
        0.015475794000000001,
        0.015363660000000001,
        0.013100213000000001,
        0.013856408,
        0.010511275
      ],
      "memory_usage_byte": [
        8028160,
        8028160,
        8028160,
        8028160,
        8028160,
        8028160,
        8028160,
        8028160,
        8028160,
        8028160,
        8028160,
        8118272,
        8118272,
        8118272,
        8118272
      ],
      "exit_codes": [
        0,
        0,
        0,
        0,
        0,
        0,
        0,
        0,
        0,
        0,
        0,
        0,
        0,
        0,
        0
      ]
    },
    {
      "command": "rg jcode__glob_md__match",
      "mean": 0.0074613433333333345,
      "stddev": 0.000748198355806769,
      "median": 0.007467953,
      "user": 0.0054708,
      "system": 0.006151666666666666,
      "min": 0.0059671130000000005,
      "max": 0.008915929000000001,
      "times": [
        0.0059671130000000005,
        0.007007246000000001,
        0.007591597,
        0.007887618,
        0.006678203000000001,
        0.006817587000000001,
        0.008536804,
        0.007215555,
        0.006997571,
        0.0075711450000000005,
        0.007467953,
        0.007366826000000001,
        0.008915929000000001,
        0.008200811,
        0.007698192
      ],
      "memory_usage_byte": [
        8118272,
        8118272,
        8118272,
        8118272,
        8192000,
        8192000,
        8192000,
        8192000,
        8192000,
        8192000,
        8192000,
        8192000,
        8192000,
        8192000,
        8192000
      ],
      "exit_codes": [
        0,
        0,
        0,
        0,
        0,
        0,
        0,
        0,
        0,
        0,
        0,
        0,
        0,
        0,
        0
      ]
    }
  ]
}
