{
  "results": [
    {
      "command": "agentgrep jcode__regex_class__match",
      "mean": 0.025419995133333335,
      "stddev": 0.0034871817807773592,
      "median": 0.024769724,
      "user": 0.042049133333333336,
      "system": 0.019993733333333333,
      "min": 0.020445548,
      "max": 0.03523876,
      "times": [
        0.025034721000000003,
        0.023620008,
        0.027850154000000002,
        0.03523876,
        0.024769724,
        0.028387770000000003,
        0.023629241000000002,
        0.024181869,
        0.020445548,
        0.021213321,
        0.023278314,
        0.026745676000000003,
        0.026388437,
        0.025889822000000003,
        0.024626562
      ],
      "memory_usage_byte": [
        9252864,
        9252864,
        9252864,
        9252864,
        9252864,
        9252864,
        9252864,
        9252864,
        9252864,
        9252864,
        9252864,
        9252864,
        9252864,
        9252864,
        9252864
      ],
      "exit_codes": [
        0,
        0,
        0,
        0,
        0,
        0,
        0,
        0,
        0,
        0,
        0,
        0,
        0,
        0,
        0
      ]
    },
    {
      "command": "rg jcode__regex_class__match",
      "mean": 0.009120499200000002,
      "stddev": 0.0011300441993866686,
      "median": 0.009293389,
      "user": 0.012041,
      "system": 0.013884066666666667,
      "min": 0.007432241000000001,
      "max": 0.011305763,
      "times": [
        0.011305763,
        0.010003433,
        0.009566113000000001,
        0.007620179,
        0.007951670000000001,
        0.0076102240000000005,
        0.008756445,
        0.009886210000000001,
        0.009701649000000001,
        0.01007976,
        0.009293389,
        0.010080836000000001,
        0.008453945000000001,
        0.009065631000000001,
        0.007432241000000001
      ],
      "memory_usage_byte": [
        9252864,
        9252864,
        9252864,
        9252864,
        9252864,
        9252864,
        9252864,
        9252864,
        9252864,
        9252864,
        9252864,
        9252864,
        9252864,
        9252864,
        9252864
      ],
      "exit_codes": [
        0,
        0,
        0,
        0,
        0,
        0,
        0,
        0,
        0,
        0,
        0,
        0,
        0,
        0,
        0
      ]
    }
  ]
}
