{
  "results": [
    {
      "command": "agentgrep jcode__glob_md__paths_only",
      "mean": 0.007737896533333333,
      "stddev": 0.0013409650864224546,
      "median": 0.007836789,
      "user": 0.004005999999999999,
      "system": 0.006928466666666666,
      "min": 0.005695924000000001,
      "max": 0.010580552,
      "times": [
        0.005725679,
        0.007393387,
        0.007836789,
        0.006150995,
        0.005695924000000001,
        0.006757655,
        0.007968805,
        0.010580552,
        0.008883077000000001,
        0.009256199000000001,
        0.008500629,
        0.008586201,
        0.007429196000000001,
        0.007956739,
        0.007346621
      ],
      "memory_usage_byte": [
        7757824,
        7757824,
        7757824,
        7757824,
        7757824,
        7757824,
        7757824,
        7757824,
        7757824,
        7757824,
        7757824,
        7757824,
        7757824,
        7757824,
        7757824
      ],
      "exit_codes": [
        0,
        0,
        0,
        0,
        0,
        0,
        0,
        0,
        0,
        0,
        0,
        0,
        0,
        0,
        0
      ]
    },
    {
      "command": "rg jcode__glob_md__paths_only",
      "mean": 0.006878175666666667,
      "stddev": 0.0008166151506875951,
      "median": 0.006714485,
      "user": 0.004326933333333334,
      "system": 0.006109266666666667,
      "min": 0.0053190880000000005,
      "max": 0.008569672,
      "times": [
        0.006719341,
        0.00728102,
        0.0065820290000000005,
        0.006681810000000001,
        0.006324426,
        0.006914158,
        0.0075129820000000005,
        0.006708963,
        0.006714485,
        0.005845492000000001,
        0.008569672,
        0.0053190880000000005,
        0.00641626,
        0.007701851000000001,
        0.007881058
      ],
      "memory_usage_byte": [
        7852032,
        7852032,
        7852032,
        7852032,
        7852032,
        7852032,
        7852032,
        7852032,
        7852032,
        7852032,
        7852032,
        7852032,
        7852032,
        7852032,
        7852032
      ],
      "exit_codes": [
        0,
        0,
        0,
        0,
        0,
        0,
        0,
        0,
        0,
        0,
        0,
        0,
        0,
        0,
        0
      ]
    }
  ]
}
