{
  "results": [
    {
      "command": "agentgrep jcode__type_rs__match",
      "mean": 0.04922781286666667,
      "stddev": 0.004491066324372673,
      "median": 0.048700123000000005,
      "user": 0.06104573333333333,
      "system": 0.03441866666666667,
      "min": 0.044168976000000006,
      "max": 0.057508512000000005,
      "times": [
        0.044630587,
        0.049592771,
        0.048295236000000005,
        0.045456089000000005,
        0.044397338,
        0.046305141,
        0.045319102,
        0.055481582,
        0.057508512000000005,
        0.052711941000000005,
        0.044168976000000006,
        0.05037628,
        0.048700123000000005,
        0.049047227000000006,
        0.056426288000000005
      ],
      "memory_usage_byte": [
        28504064,
        28504064,
        28504064,
        28504064,
        28504064,
        28504064,
        28504064,
        28504064,
        28504064,
        28504064,
        28504064,
        28504064,
        28504064,
        28504064,
        28504064
      ],
      "exit_codes": [
        0,
        0,
        0,
        0,
        0,
        0,
        0,
        0,
        0,
        0,
        0,
        0,
        0,
        0,
        0
      ]
    },
    {
      "command": "rg jcode__type_rs__match",
      "mean": 0.010980456733333335,
      "stddev": 0.0010385530787512887,
      "median": 0.01107845,
      "user": 0.01875033333333333,
      "system": 0.013555466666666665,
      "min": 0.009035195000000001,
      "max": 0.012953935000000001,
      "times": [
        0.011436330000000001,
        0.01186561,
        0.012953935000000001,
        0.011299088,
        0.012187847,
        0.010676569,
        0.009839531,
        0.010390195000000001,
        0.011900614,
        0.01107845,
        0.010013897,
        0.009035195000000001,
        0.009893755,
        0.011334173000000001,
        0.010801662
      ],
      "memory_usage_byte": [
        28504064,
        28504064,
        28504064,
        28504064,
        28504064,
        28504064,
        28504064,
        28504064,
        28504064,
        28504064,
        28504064,
        28504064,
        28504064,
        28504064,
        28504064
      ],
      "exit_codes": [
        0,
        0,
        0,
        0,
        0,
        0,
        0,
        0,
        0,
        0,
        0,
        0,
        0,
        0,
        0
      ]
    }
  ]
}
