{
  "results": [
    {
      "command": "agentgrep jcode__zero_match_literal__paths_only",
      "mean": 0.008503750133333333,
      "stddev": 0.0007386353073703721,
      "median": 0.008279913,
      "user": 0.0064298,
      "system": 0.012562466666666664,
      "min": 0.007592653,
      "max": 0.009765409000000001,
      "times": [
        0.008324735,
        0.008190917,
        0.008259519,
        0.008923684000000001,
        0.009752219000000001,
        0.008425422,
        0.008279913,
        0.007624926000000001,
        0.009765409000000001,
        0.007830447,
        0.009461142,
        0.008192061,
        0.009171327,
        0.007592653,
        0.007761878000000001
      ],
      "memory_usage_byte": [
        7950336,
        8155136,
        8155136,
        8155136,
        8155136,
        8155136,
        8155136,
        8155136,
        8155136,
        8155136,
        8155136,
        8155136,
        8155136,
        8155136,
        8155136
      ],
      "exit_codes": [
        0,
        0,
        0,
        0,
        0,
        0,
        0,
        0,
        0,
        0,
        0,
        0,
        0,
        0,
        0
      ]
    },
    {
      "command": "rg jcode__zero_match_literal__paths_only",
      "mean": 0.009056734333333333,
      "stddev": 0.0006257839398798312,
      "median": 0.009019547000000001,
      "user": 0.006272066666666667,
      "system": 0.015677533333333334,
      "min": 0.007944481,
      "max": 0.010113342,
      "times": [
        0.008423806,
        0.008998209,
        0.007944481,
        0.008891547000000001,
        0.009142375000000001,
        0.009019547000000001,
        0.008558219,
        0.008839716000000001,
        0.009578485000000001,
        0.009573077000000001,
        0.009827663,
        0.009441611,
        0.009428876000000001,
        0.008070061,
        0.010113342
      ],
      "memory_usage_byte": [
        8155136,
        8155136,
        8155136,
        8155136,
        8155136,
        8155136,
        8155136,
        8155136,
        8155136,
        8155136,
        8155136,
        8155136,
        8155136,
        8155136,
        8155136
      ],
      "exit_codes": [
        1,
        1,
        1,
        1,
        1,
        1,
        1,
        1,
        1,
        1,
        1,
        1,
        1,
        1,
        1
      ]
    }
  ]
}
