{
  "results": [
    {
      "command": "agentgrep jcode__type_rs__match",
      "mean": 0.052630563466666676,
      "stddev": 0.0045696432066129914,
      "median": 0.052532835,
      "user": 0.061940866666666664,
      "system": 0.03539966666666667,
      "min": 0.046716020000000004,
      "max": 0.06241410100000001,
      "times": [
        0.048904154000000005,
        0.047435830000000005,
        0.052532835,
        0.047456352,
        0.052042104000000006,
        0.06241410100000001,
        0.051028869000000004,
        0.053039694000000005,
        0.057697115,
        0.054405597,
        0.052935141000000005,
        0.046716020000000004,
        0.059643859,
        0.049290267000000006,
        0.053916514000000006
      ],
      "memory_usage_byte": [
        26169344,
        26169344,
        26169344,
        26169344,
        26284032,
        26284032,
        26284032,
        26284032,
        26284032,
        26284032,
        26284032,
        26284032,
        26284032,
        26284032,
        26284032
      ],
      "exit_codes": [
        0,
        0,
        0,
        0,
        0,
        0,
        0,
        0,
        0,
        0,
        0,
        0,
        0,
        0,
        0
      ]
    },
    {
      "command": "rg jcode__type_rs__match",
      "mean": 0.012691095400000001,
      "stddev": 0.0033835427632063577,
      "median": 0.011792217,
      "user": 0.018855466666666668,
      "system": 0.012605666666666666,
      "min": 0.009809223,
      "max": 0.022425834000000002,
      "times": [
        0.011998579,
        0.022425834000000002,
        0.013601094000000001,
        0.011831264000000001,
        0.012956145,
        0.011740703,
        0.009809223,
        0.010834118,
        0.012670220000000001,
        0.011792217,
        0.010184596,
        0.018285499,
        0.011560180000000001,
        0.010332580000000001,
        0.010344179
      ],
      "memory_usage_byte": [
        26284032,
        26284032,
        26284032,
        26284032,
        26284032,
        26284032,
        26284032,
        26284032,
        26284032,
        26284032,
        26284032,
        26284032,
        26284032,
        26284032,
        26284032
      ],
      "exit_codes": [
        0,
        0,
        0,
        0,
        0,
        0,
        0,
        0,
        0,
        0,
        0,
        0,
        0,
        0,
        0
      ]
    }
  ]
}
