{
  "results": [
    {
      "command": "agentgrep jcode__rare_literal__paths_only",
      "mean": 0.0091942304,
      "stddev": 0.0009390678731174105,
      "median": 0.009204485,
      "user": 0.007783533333333333,
      "system": 0.01372586666666667,
      "min": 0.007703290000000001,
      "max": 0.010907735,
      "times": [
        0.008030897,
        0.009419324,
        0.010372407,
        0.007703290000000001,
        0.008556257000000001,
        0.009419394000000001,
        0.008906204000000001,
        0.009204485,
        0.008090715,
        0.009072554,
        0.008421565,
        0.010907735,
        0.009511718,
        0.010374884000000001,
        0.009922027
      ],
      "memory_usage_byte": [
        7917568,
        7917568,
        7917568,
        7917568,
        7917568,
        7917568,
        7917568,
        7917568,
        7917568,
        7917568,
        7917568,
        7917568,
        7917568,
        7917568,
        7917568
      ],
      "exit_codes": [
        0,
        0,
        0,
        0,
        0,
        0,
        0,
        0,
        0,
        0,
        0,
        0,
        0,
        0,
        0
      ]
    },
    {
      "command": "rg jcode__rare_literal__paths_only",
      "mean": 0.009135614333333335,
      "stddev": 0.001129224201725343,
      "median": 0.009293536,
      "user": 0.007048133333333332,
      "system": 0.015260799999999996,
      "min": 0.0073296920000000005,
      "max": 0.01134238,
      "times": [
        0.007540014,
        0.00761254,
        0.0073296920000000005,
        0.010186746,
        0.008090644000000001,
        0.009293536,
        0.009284548,
        0.009738090000000001,
        0.009349620000000001,
        0.009791739,
        0.008731088,
        0.009888706,
        0.008767568,
        0.010087304,
        0.01134238
      ],
      "memory_usage_byte": [
        7921664,
        7921664,
        7921664,
        7921664,
        7921664,
        7921664,
        7921664,
        7921664,
        7921664,
        7921664,
        7921664,
        7974912,
        7974912,
        7974912,
        7974912
      ],
      "exit_codes": [
        0,
        0,
        0,
        0,
        0,
        0,
        0,
        0,
        0,
        0,
        0,
        0,
        0,
        0,
        0
      ]
    }
  ]
}
