{
  "results": [
    {
      "command": "agentgrep jcode__dash_literal__match",
      "mean": 0.055986405266666664,
      "stddev": 0.010984356215631746,
      "median": 0.052420417000000004,
      "user": 0.075468,
      "system": 0.03476266666666667,
      "min": 0.045652395000000005,
      "max": 0.088747777,
      "times": [
        0.049042361,
        0.048129123,
        0.061110086,
        0.052420417000000004,
        0.048013723,
        0.045652395000000005,
        0.061180277000000005,
        0.06221155800000001,
        0.088747777,
        0.061040135,
        0.048593080000000004,
        0.050283461,
        0.054467308000000006,
        0.04699806,
        0.061906318
      ],
      "memory_usage_byte": [
        21295104,
        21295104,
        21295104,
        21295104,
        21295104,
        21295104,
        21295104,
        21295104,
        21295104,
        21295104,
        21295104,
        21295104,
        21327872,
        21327872,
        21327872
      ],
      "exit_codes": [
        0,
        0,
        0,
        0,
        0,
        0,
        0,
        0,
        0,
        0,
        0,
        0,
        0,
        0,
        0
      ]
    },
    {
      "command": "rg jcode__dash_literal__match",
      "mean": 0.01483404026666667,
      "stddev": 0.002215967295526186,
      "median": 0.013941094000000001,
      "user": 0.015864066666666662,
      "system": 0.014198999999999998,
      "min": 0.011250861000000001,
      "max": 0.018601807,
      "times": [
        0.012333164,
        0.012908661,
        0.013941094000000001,
        0.015705054,
        0.014266851,
        0.01352942,
        0.017375207,
        0.018601807,
        0.018063306,
        0.013858605000000001,
        0.011250861000000001,
        0.016983345,
        0.016472472000000002,
        0.013742414000000001,
        0.013478343
      ],
      "memory_usage_byte": [
        21327872,
        21327872,
        21327872,
        21327872,
        21327872,
        21327872,
        21327872,
        21327872,
        21327872,
        21327872,
        21327872,
        21327872,
        21327872,
        21327872,
        21327872
      ],
      "exit_codes": [
        0,
        0,
        0,
        0,
        0,
        0,
        0,
        0,
        0,
        0,
        0,
        0,
        0,
        0,
        0
      ]
    }
  ]
}
