{
  "results": [
    {
      "command": "agentgrep jcode__dash_literal__paths_only",
      "mean": 0.015072946333333333,
      "stddev": 0.004751021918578219,
      "median": 0.013293419,
      "user": 0.006869999999999999,
      "system": 0.0149922,
      "min": 0.010604474000000001,
      "max": 0.028626228,
      "times": [
        0.018103359,
        0.014571091000000001,
        0.013293419,
        0.014202097,
        0.022186918,
        0.028626228,
        0.016533119000000002,
        0.013567066000000001,
        0.011689833,
        0.012187425,
        0.01269085,
        0.012176536,
        0.013048392,
        0.012613388000000001,
        0.010604474000000001
      ],
      "memory_usage_byte": [
        8028160,
        8028160,
        8028160,
        8028160,
        8028160,
        8028160,
        8028160,
        8028160,
        8028160,
        8028160,
        8028160,
        8073216,
        8073216,
        8073216,
        8073216
      ],
      "exit_codes": [
        0,
        0,
        0,
        0,
        0,
        0,
        0,
        0,
        0,
        0,
        0,
        0,
        0,
        0,
        0
      ]
    },
    {
      "command": "rg jcode__dash_literal__paths_only",
      "mean": 0.009583123133333336,
      "stddev": 0.0011008999767217642,
      "median": 0.009594865000000001,
      "user": 0.007190733333333333,
      "system": 0.0155912,
      "min": 0.00804651,
      "max": 0.012787955,
      "times": [
        0.009094845,
        0.010200332000000001,
        0.009594865000000001,
        0.009814552,
        0.009945933,
        0.012787955,
        0.009637052,
        0.008432571,
        0.010120386,
        0.009951342,
        0.009281600000000001,
        0.008624033,
        0.008709522,
        0.009505349,
        0.00804651
      ],
      "memory_usage_byte": [
        8073216,
        8073216,
        8073216,
        8073216,
        8073216,
        8073216,
        8073216,
        8073216,
        8073216,
        8073216,
        8073216,
        8073216,
        8073216,
        8073216,
        8073216
      ],
      "exit_codes": [
        0,
        0,
        0,
        0,
        0,
        0,
        0,
        0,
        0,
        0,
        0,
        0,
        0,
        0,
        0
      ]
    }
  ]
}
