{
  "results": [
    {
      "command": "agentgrep jcode__type_rs__paths_only",
      "mean": 0.011366920800000001,
      "stddev": 0.002095571679571104,
      "median": 0.010798006,
      "user": 0.007059599999999999,
      "system": 0.015728733333333335,
      "min": 0.008028742,
      "max": 0.016032785,
      "times": [
        0.010681065,
        0.009325797,
        0.010718005000000001,
        0.008852468,
        0.008028742,
        0.010798006,
        0.013159172,
        0.011285185000000001,
        0.010010699000000001,
        0.013500593000000002,
        0.016032785,
        0.010454758000000001,
        0.011856195,
        0.012040384000000001,
        0.013759958000000001
      ],
      "memory_usage_byte": [
        7929856,
        7929856,
        7929856,
        7929856,
        7929856,
        7929856,
        7929856,
        7929856,
        7929856,
        7929856,
        7929856,
        7929856,
        7929856,
        7929856,
        7929856
      ],
      "exit_codes": [
        0,
        0,
        0,
        0,
        0,
        0,
        0,
        0,
        0,
        0,
        0,
        0,
        0,
        0,
        0
      ]
    },
    {
      "command": "rg jcode__type_rs__paths_only",
      "mean": 0.011158877066666668,
      "stddev": 0.0017235362053676768,
      "median": 0.010322511000000001,
      "user": 0.009479133333333336,
      "system": 0.016228999999999997,
      "min": 0.008653026000000001,
      "max": 0.014319205000000002,
      "times": [
        0.010019054000000001,
        0.011627542000000001,
        0.013114968000000001,
        0.010803759000000001,
        0.010273819,
        0.014319205000000002,
        0.013588351,
        0.008653026000000001,
        0.011171896,
        0.010159584000000001,
        0.010205132,
        0.009328253,
        0.010149824,
        0.010322511000000001,
        0.013646232000000001
      ],
      "memory_usage_byte": [
        7929856,
        7929856,
        7929856,
        7929856,
        7929856,
        7929856,
        7929856,
        7929856,
        7929856,
        7929856,
        7929856,
        7929856,
        7929856,
        7929856,
        7929856
      ],
      "exit_codes": [
        0,
        0,
        0,
        0,
        0,
        0,
        0,
        0,
        0,
        0,
        0,
        0,
        0,
        0,
        0
      ]
    }
  ]
}
