{
  "results": [
    {
      "command": "agentgrep jcode__rare_literal__paths_only",
      "mean": 0.0090629868,
      "stddev": 0.0016545265008137183,
      "median": 0.008715324,
      "user": 0.007649199999999998,
      "system": 0.013676400000000002,
      "min": 0.0070626890000000005,
      "max": 0.013897745000000001,
      "times": [
        0.008455516,
        0.0070626890000000005,
        0.008715324,
        0.010079257000000001,
        0.008868045,
        0.008057684,
        0.007489165000000001,
        0.00893647,
        0.008702418,
        0.008781314,
        0.008882201000000001,
        0.008577352,
        0.0082126,
        0.011227022000000001,
        0.013897745000000001
      ],
      "memory_usage_byte": [
        8114176,
        8114176,
        8114176,
        8114176,
        8114176,
        8114176,
        8114176,
        8114176,
        8114176,
        8114176,
        8114176,
        8114176,
        8114176,
        8114176,
        8114176
      ],
      "exit_codes": [
        0,
        0,
        0,
        0,
        0,
        0,
        0,
        0,
        0,
        0,
        0,
        0,
        0,
        0,
        0
      ]
    },
    {
      "command": "rg jcode__rare_literal__paths_only",
      "mean": 0.008450351933333333,
      "stddev": 0.0010969722145332884,
      "median": 0.008122557,
      "user": 0.006562,
      "system": 0.014783533333333331,
      "min": 0.006791473,
      "max": 0.010429996,
      "times": [
        0.007824374,
        0.007968136,
        0.009279766,
        0.010429996,
        0.007835742,
        0.009892944,
        0.009665837,
        0.007546657000000001,
        0.007700666,
        0.008122557,
        0.006791473,
        0.009668626000000001,
        0.008523624,
        0.008451586,
        0.007053295
      ],
      "memory_usage_byte": [
        8114176,
        8114176,
        8114176,
        8114176,
        8114176,
        8114176,
        8114176,
        8114176,
        8114176,
        8114176,
        8114176,
        8114176,
        8114176,
        8114176,
        8114176
      ],
      "exit_codes": [
        0,
        0,
        0,
        0,
        0,
        0,
        0,
        0,
        0,
        0,
        0,
        0,
        0,
        0,
        0
      ]
    }
  ]
}
