{
  "results": [
    {
      "command": "agentgrep jcode__common_literal__match",
      "mean": 0.025875938400000006,
      "stddev": 0.002488625469042695,
      "median": 0.025235050000000002,
      "user": 0.05308666666666666,
      "system": 0.02340846666666667,
      "min": 0.022689374000000002,
      "max": 0.030556872000000002,
      "times": [
        0.025235050000000002,
        0.02382162,
        0.023549683000000002,
        0.022689374000000002,
        0.025990495000000002,
        0.027408895000000003,
        0.030556872000000002,
        0.027282117,
        0.024160200000000003,
        0.024137465,
        0.028889332,
        0.026207813,
        0.024071996000000002,
        0.023986932000000002,
        0.030151232000000004
      ],
      "memory_usage_byte": [
        9363456,
        9363456,
        9474048,
        9474048,
        9474048,
        9474048,
        9474048,
        9474048,
        9474048,
        9474048,
        9474048,
        9474048,
        9474048,
        9474048,
        9474048
      ],
      "exit_codes": [
        0,
        0,
        0,
        0,
        0,
        0,
        0,
        0,
        0,
        0,
        0,
        0,
        0,
        0,
        0
      ]
    },
    {
      "command": "rg jcode__common_literal__match",
      "mean": 0.0088195452,
      "stddev": 0.001024618672710013,
      "median": 0.008584105,
      "user": 0.009050866666666666,
      "system": 0.014920133333333334,
      "min": 0.007705229,
      "max": 0.011435467000000001,
      "times": [
        0.011435467000000001,
        0.008071481,
        0.009687558,
        0.009924956,
        0.008455451000000001,
        0.008593139000000001,
        0.008584105,
        0.008143181000000001,
        0.008056132,
        0.00823766,
        0.009884438,
        0.007724865000000001,
        0.008653583000000001,
        0.009135933,
        0.007705229
      ],
      "memory_usage_byte": [
        9474048,
        9474048,
        9474048,
        9474048,
        9474048,
        9474048,
        9474048,
        9474048,
        9474048,
        9474048,
        9474048,
        9474048,
        9474048,
        9474048,
        9474048
      ],
      "exit_codes": [
        0,
        0,
        0,
        0,
        0,
        0,
        0,
        0,
        0,
        0,
        0,
        0,
        0,
        0,
        0
      ]
    }
  ]
}
