{
  "results": [
    {
      "command": "agentgrep jcode__glob_md__paths_only",
      "mean": 0.005941663666666667,
      "stddev": 0.0006512631892823653,
      "median": 0.005729935,
      "user": 0.0033749333333333337,
      "system": 0.005410466666666666,
      "min": 0.005240186,
      "max": 0.007838098,
      "times": [
        0.005729935,
        0.006456525,
        0.007838098,
        0.0056038170000000005,
        0.005240186,
        0.006006747000000001,
        0.006301678000000001,
        0.0059293010000000005,
        0.005630007,
        0.005700106,
        0.005369626000000001,
        0.0059410140000000005,
        0.005471811,
        0.005410973,
        0.006495131
      ],
      "memory_usage_byte": [
        7692288,
        7692288,
        7778304,
        7778304,
        7778304,
        7778304,
        7778304,
        7778304,
        7778304,
        7778304,
        7778304,
        7778304,
        7778304,
        7778304,
        7778304
      ],
      "exit_codes": [
        0,
        0,
        0,
        0,
        0,
        0,
        0,
        0,
        0,
        0,
        0,
        0,
        0,
        0,
        0
      ]
    },
    {
      "command": "rg jcode__glob_md__paths_only",
      "mean": 0.005699579333333333,
      "stddev": 0.0008170506383915842,
      "median": 0.005250739,
      "user": 0.0029609333333333325,
      "system": 0.005075533333333334,
      "min": 0.004692509,
      "max": 0.007065940000000001,
      "times": [
        0.004741177,
        0.004899653,
        0.005250739,
        0.00524431,
        0.0067277710000000004,
        0.006319046,
        0.006553446,
        0.005786638,
        0.006561026,
        0.005181277000000001,
        0.007065940000000001,
        0.006370046000000001,
        0.004960255,
        0.005139857,
        0.004692509
      ],
      "memory_usage_byte": [
        7778304,
        7778304,
        7778304,
        7778304,
        7778304,
        7778304,
        7778304,
        7790592,
        7790592,
        7790592,
        7790592,
        7790592,
        7790592,
        7790592,
        7790592
      ],
      "exit_codes": [
        0,
        0,
        0,
        0,
        0,
        0,
        0,
        0,
        0,
        0,
        0,
        0,
        0,
        0,
        0
      ]
    }
  ]
}
