{
  "results": [
    {
      "command": "agentgrep jcode__regex_alternation__match",
      "mean": 0.029505260199999994,
      "stddev": 0.007649397902760651,
      "median": 0.02696561,
      "user": 0.044039733333333324,
      "system": 0.020486466666666665,
      "min": 0.021587561,
      "max": 0.049418072,
      "times": [
        0.026680235,
        0.043712201000000006,
        0.049418072,
        0.032085432000000004,
        0.034234512,
        0.026740883,
        0.027186473000000003,
        0.025256622000000003,
        0.021587561,
        0.02384916,
        0.024580171,
        0.027686732000000002,
        0.027617225000000002,
        0.024978014000000003,
        0.02696561
      ],
      "memory_usage_byte": [
        8970240,
        8970240,
        8970240,
        9043968,
        9043968,
        9043968,
        9113600,
        9113600,
        9113600,
        9236480,
        9236480,
        9236480,
        9236480,
        9236480,
        9236480
      ],
      "exit_codes": [
        0,
        0,
        0,
        0,
        0,
        0,
        0,
        0,
        0,
        0,
        0,
        0,
        0,
        0,
        0
      ]
    },
    {
      "command": "rg jcode__regex_alternation__match",
      "mean": 0.009452306066666668,
      "stddev": 0.0012427086412084155,
      "median": 0.009629831,
      "user": 0.012157933333333334,
      "system": 0.014054266666666667,
      "min": 0.007477103000000001,
      "max": 0.012544041,
      "times": [
        0.008819440000000001,
        0.008404537,
        0.010104205,
        0.008857918000000001,
        0.007936248,
        0.009775189,
        0.009910440000000001,
        0.010466625,
        0.012544041,
        0.009629831,
        0.010467683,
        0.009830344000000001,
        0.008521468,
        0.009039519000000001,
        0.007477103000000001
      ],
      "memory_usage_byte": [
        9236480,
        9236480,
        9236480,
        9236480,
        9236480,
        9236480,
        9236480,
        9236480,
        9236480,
        9236480,
        9236480,
        9236480,
        9236480,
        9236480,
        9236480
      ],
      "exit_codes": [
        0,
        0,
        0,
        0,
        0,
        0,
        0,
        0,
        0,
        0,
        0,
        0,
        0,
        0,
        0
      ]
    }
  ]
}
