{
  "results": [
    {
      "command": "agentgrep jcode__type_rs__paths_only",
      "mean": 0.013011114866666666,
      "stddev": 0.002296283118134791,
      "median": 0.012359815000000001,
      "user": 0.006531533333333333,
      "system": 0.015416533333333333,
      "min": 0.009863984000000001,
      "max": 0.017378460000000002,
      "times": [
        0.012359815000000001,
        0.011569797000000001,
        0.010154036,
        0.014390572,
        0.009863984000000001,
        0.014402392000000002,
        0.017378460000000002,
        0.015553055000000001,
        0.011935293000000001,
        0.013432571,
        0.016667296,
        0.013455615,
        0.011923995000000001,
        0.011151476,
        0.010928366
      ],
      "memory_usage_byte": [
        7774208,
        7774208,
        7774208,
        7774208,
        7778304,
        7778304,
        7954432,
        7954432,
        7954432,
        7954432,
        7954432,
        7954432,
        7954432,
        7954432,
        7954432
      ],
      "exit_codes": [
        0,
        0,
        0,
        0,
        0,
        0,
        0,
        0,
        0,
        0,
        0,
        0,
        0,
        0,
        0
      ]
    },
    {
      "command": "rg jcode__type_rs__paths_only",
      "mean": 0.010314904266666668,
      "stddev": 0.0017909186787279424,
      "median": 0.009743247,
      "user": 0.007647666666666667,
      "system": 0.013725666666666667,
      "min": 0.008273178,
      "max": 0.014712949000000001,
      "times": [
        0.009814582,
        0.008745772,
        0.0093197,
        0.013444613000000001,
        0.011814313,
        0.009314389000000001,
        0.009585766,
        0.009743247,
        0.00974901,
        0.009726591000000001,
        0.008738982000000001,
        0.008273178,
        0.010969350000000001,
        0.010771122000000001,
        0.014712949000000001
      ],
      "memory_usage_byte": [
        7954432,
        7954432,
        7954432,
        7954432,
        7954432,
        7954432,
        7954432,
        7954432,
        7954432,
        7954432,
        7954432,
        7954432,
        7954432,
        7954432,
        7954432
      ],
      "exit_codes": [
        0,
        0,
        0,
        0,
        0,
        0,
        0,
        0,
        0,
        0,
        0,
        0,
        0,
        0,
        0
      ]
    }
  ]
}
