{
  "results": [
    {
      "command": "agentgrep jcode__glob_md__match",
      "mean": 0.011530364333333336,
      "stddev": 0.00157007499344038,
      "median": 0.011324263000000001,
      "user": 0.008636533333333333,
      "system": 0.0079384,
      "min": 0.009168324,
      "max": 0.014873136,
      "times": [
        0.009562476,
        0.011007974,
        0.011324263000000001,
        0.010860824,
        0.014873136,
        0.012202107,
        0.010830736,
        0.012944222,
        0.010454935,
        0.011723949000000001,
        0.014128217,
        0.010223162000000001,
        0.012247860000000001,
        0.009168324,
        0.01140328
      ],
      "memory_usage_byte": [
        7950336,
        7950336,
        7950336,
        7950336,
        7954432,
        7954432,
        7954432,
        7954432,
        7954432,
        7954432,
        7954432,
        7954432,
        7954432,
        7954432,
        7954432
      ],
      "exit_codes": [
        0,
        0,
        0,
        0,
        0,
        0,
        0,
        0,
        0,
        0,
        0,
        0,
        0,
        0,
        0
      ]
    },
    {
      "command": "rg jcode__glob_md__match",
      "mean": 0.006039168266666667,
      "stddev": 0.0009402899357152305,
      "median": 0.005695686,
      "user": 0.005359333333333332,
      "system": 0.0050896,
      "min": 0.004981549,
      "max": 0.00781233,
      "times": [
        0.0052643790000000005,
        0.006175699000000001,
        0.004981549,
        0.005197298,
        0.0060031880000000004,
        0.005349775,
        0.00781233,
        0.006888377,
        0.00677168,
        0.004995106,
        0.007244189000000001,
        0.0053025270000000005,
        0.005695686,
        0.005584441000000001,
        0.0073213
      ],
      "memory_usage_byte": [
        8228864,
        8228864,
        8228864,
        8228864,
        8228864,
        8228864,
        8228864,
        8228864,
        8228864,
        8228864,
        8228864,
        8228864,
        8228864,
        8228864,
        8228864
      ],
      "exit_codes": [
        0,
        0,
        0,
        0,
        0,
        0,
        0,
        0,
        0,
        0,
        0,
        0,
        0,
        0,
        0
      ]
    }
  ]
}
