{
  "results": [
    {
      "command": "agentgrep jcode__dash_literal__match",
      "mean": 0.05841482933333334,
      "stddev": 0.010610534205278273,
      "median": 0.054239868000000004,
      "user": 0.0749946,
      "system": 0.03294673333333333,
      "min": 0.0456239,
      "max": 0.074974443,
      "times": [
        0.051643218000000005,
        0.054239868000000004,
        0.0456239,
        0.052582941,
        0.049711612,
        0.048136579000000006,
        0.066342067,
        0.07314651900000001,
        0.074667437,
        0.074974443,
        0.064104619,
        0.057807115000000006,
        0.066922892,
        0.047863783,
        0.048455447000000006
      ],
      "memory_usage_byte": [
        21159936,
        21159936,
        21159936,
        21159936,
        21159936,
        21168128,
        21168128,
        21168128,
        21168128,
        21221376,
        21610496,
        21610496,
        21610496,
        21610496,
        21610496
      ],
      "exit_codes": [
        0,
        0,
        0,
        0,
        0,
        0,
        0,
        0,
        0,
        0,
        0,
        0,
        0,
        0,
        0
      ]
    },
    {
      "command": "rg jcode__dash_literal__match",
      "mean": 0.011057114466666665,
      "stddev": 0.001388722333160534,
      "median": 0.010824515,
      "user": 0.016262466666666663,
      "system": 0.014651133333333335,
      "min": 0.009296132,
      "max": 0.015206611,
      "times": [
        0.011007658,
        0.010173804,
        0.01037384,
        0.01098374,
        0.010038368,
        0.010334691,
        0.009296132,
        0.010061537,
        0.012523117,
        0.011364264,
        0.015206611,
        0.011356923000000001,
        0.010824515,
        0.010672273000000001,
        0.011639244
      ],
      "memory_usage_byte": [
        21610496,
        21610496,
        21610496,
        21610496,
        21610496,
        21610496,
        21610496,
        21610496,
        21610496,
        21610496,
        21610496,
        21610496,
        21610496,
        21610496,
        21610496
      ],
      "exit_codes": [
        0,
        0,
        0,
        0,
        0,
        0,
        0,
        0,
        0,
        0,
        0,
        0,
        0,
        0,
        0
      ]
    }
  ]
}
