{
  "results": [
    {
      "command": "agentgrep jcode__regex_alternation__paths_only",
      "mean": 0.012214393133333333,
      "stddev": 0.0027828801740664003,
      "median": 0.011917742,
      "user": 0.008562666666666666,
      "system": 0.014161933333333333,
      "min": 0.008790794000000001,
      "max": 0.018380822,
      "times": [
        0.009346086,
        0.008813282,
        0.010211539,
        0.013413107,
        0.012263191000000001,
        0.012616079,
        0.008790794000000001,
        0.010220613,
        0.010854587,
        0.011917742,
        0.011284477000000001,
        0.014056586000000001,
        0.016297525,
        0.018380822,
        0.014749467
      ],
      "memory_usage_byte": [
        7843840,
        7843840,
        7921664,
        7921664,
        7921664,
        7921664,
        7921664,
        7921664,
        7921664,
        7921664,
        7979008,
        7979008,
        7979008,
        7979008,
        7979008
      ],
      "exit_codes": [
        0,
        0,
        0,
        0,
        0,
        0,
        0,
        0,
        0,
        0,
        0,
        0,
        0,
        0,
        0
      ]
    },
    {
      "command": "rg jcode__regex_alternation__paths_only",
      "mean": 0.010892058333333338,
      "stddev": 0.002724084313650334,
      "median": 0.009910333,
      "user": 0.009264933333333333,
      "system": 0.01558953333333333,
      "min": 0.008076657000000001,
      "max": 0.018358871000000002,
      "times": [
        0.018358871000000002,
        0.014444799000000001,
        0.009910333,
        0.009242734,
        0.008720776000000001,
        0.008858432000000001,
        0.009704409,
        0.008436146,
        0.008076657000000001,
        0.010587584,
        0.012599621,
        0.012115594,
        0.010631033,
        0.012078458,
        0.009615428
      ],
      "memory_usage_byte": [
        7979008,
        7979008,
        7979008,
        7979008,
        7979008,
        7979008,
        7979008,
        7979008,
        7979008,
        7979008,
        7979008,
        7979008,
        7979008,
        7979008,
        7979008
      ],
      "exit_codes": [
        0,
        0,
        0,
        0,
        0,
        0,
        0,
        0,
        0,
        0,
        0,
        0,
        0,
        0,
        0
      ]
    }
  ]
}
