{
  "results": [
    {
      "command": "agentgrep jcode__hidden__paths_only",
      "mean": 0.011682831799999998,
      "stddev": 0.001575111022884065,
      "median": 0.012154131,
      "user": 0.009592733333333332,
      "system": 0.018331466666666667,
      "min": 0.009317248,
      "max": 0.014023442,
      "times": [
        0.013601936,
        0.012789833,
        0.013050296000000001,
        0.011471480000000001,
        0.012353748000000001,
        0.010232205000000001,
        0.009924816000000001,
        0.0106899,
        0.012154131,
        0.014023442,
        0.012169067,
        0.013574214000000001,
        0.010199786,
        0.009690375000000001,
        0.009317248
      ],
      "memory_usage_byte": [
        7987200,
        7987200,
        7987200,
        7987200,
        7987200,
        7987200,
        8024064,
        8024064,
        8024064,
        8024064,
        8024064,
        8024064,
        8024064,
        8024064,
        8024064
      ],
      "exit_codes": [
        0,
        0,
        0,
        0,
        0,
        0,
        0,
        0,
        0,
        0,
        0,
        0,
        0,
        0,
        0
      ]
    },
    {
      "command": "rg jcode__hidden__paths_only",
      "mean": 0.010652565466666668,
      "stddev": 0.0016802592093477235,
      "median": 0.010105646000000001,
      "user": 0.010300333333333331,
      "system": 0.0181832,
      "min": 0.008777912,
      "max": 0.014069991,
      "times": [
        0.009676952,
        0.009695514,
        0.01137055,
        0.011506775,
        0.013548774000000001,
        0.009835739000000001,
        0.010105646000000001,
        0.014069991,
        0.012720646,
        0.010790557000000001,
        0.008856072000000001,
        0.009475097,
        0.010407276,
        0.008950981,
        0.008777912
      ],
      "memory_usage_byte": [
        8114176,
        8114176,
        8114176,
        8114176,
        8114176,
        8114176,
        8114176,
        8114176,
        8114176,
        8114176,
        8114176,
        8114176,
        8114176,
        8114176,
        8114176
      ],
      "exit_codes": [
        0,
        0,
        0,
        0,
        0,
        0,
        0,
        0,
        0,
        0,
        0,
        0,
        0,
        0,
        0
      ]
    }
  ]
}
