{
  "results": [
    {
      "command": "agentgrep linux__glob_md__match",
      "mean": 0.011573962466666667,
      "stddev": 0.0009930810373327235,
      "median": 0.011655718,
      "user": 0.013583666666666666,
      "system": 0.02232713333333333,
      "min": 0.009552124,
      "max": 0.013007074,
      "times": [
        0.01043017,
        0.011897604,
        0.012502869000000002,
        0.011040238,
        0.0118933,
        0.010321162,
        0.011655718,
        0.012273639000000001,
        0.011284058000000001,
        0.011471725,
        0.012693703,
        0.0126569,
        0.010929153,
        0.013007074,
        0.009552124
      ],
      "memory_usage_byte": [
        7565312,
        7565312,
        7565312,
        7565312,
        7565312,
        7565312,
        7565312,
        7565312,
        7565312,
        7565312,
        7565312,
        7573504,
        7573504,
        7573504,
        7573504
      ],
      "exit_codes": [
        0,
        0,
        0,
        0,
        0,
        0,
        0,
        0,
        0,
        0,
        0,
        0,
        0,
        0,
        0
      ]
    },
    {
      "command": "rg linux__glob_md__match",
      "mean": 0.011624249266666666,
      "stddev": 0.001011119597717901,
      "median": 0.011354847000000001,
      "user": 0.0141926,
      "system": 0.027111866666666668,
      "min": 0.009735653,
      "max": 0.013664564,
      "times": [
        0.011503280000000001,
        0.011852340000000001,
        0.011260382000000001,
        0.009735653,
        0.012224909,
        0.012419093,
        0.012148599000000001,
        0.010396637,
        0.011063533,
        0.011091993000000001,
        0.011102286000000001,
        0.011317351000000002,
        0.013664564,
        0.013228272000000001,
        0.011354847000000001
      ],
      "memory_usage_byte": [
        7704576,
        7704576,
        7704576,
        7704576,
        7704576,
        7704576,
        7704576,
        7704576,
        7704576,
        7704576,
        7704576,
        7704576,
        7704576,
        7704576,
        7704576
      ],
      "exit_codes": [
        1,
        1,
        1,
        1,
        1,
        1,
        1,
        1,
        1,
        1,
        1,
        1,
        1,
        1,
        1
      ]
    }
  ]
}
