{
  "results": [
    {
      "command": "agentgrep linux__dash_literal__match",
      "mean": 0.0833414866,
      "stddev": 0.00659310267820835,
      "median": 0.082317947,
      "user": 0.12183359999999999,
      "system": 0.10689319999999997,
      "min": 0.075929747,
      "max": 0.101012366,
      "times": [
        0.09040624,
        0.082544642,
        0.077717115,
        0.083064178,
        0.079915622,
        0.07674241700000001,
        0.078034501,
        0.07972564800000001,
        0.081908487,
        0.08449755,
        0.08571817200000001,
        0.09058766700000001,
        0.101012366,
        0.082317947,
        0.075929747
      ],
      "memory_usage_byte": [
        35696640,
        35696640,
        35696640,
        35696640,
        35696640,
        35696640,
        35696640,
        35696640,
        35696640,
        35696640,
        35696640,
        35696640,
        35696640,
        36114432,
        36114432
      ],
      "exit_codes": [
        0,
        0,
        0,
        0,
        0,
        0,
        0,
        0,
        0,
        0,
        0,
        0,
        0,
        0,
        0
      ]
    },
    {
      "command": "rg linux__dash_literal__match",
      "mean": 0.03339895646666667,
      "stddev": 0.0030378956809926335,
      "median": 0.033107311,
      "user": 0.06300806666666667,
      "system": 0.08762746666666667,
      "min": 0.028093247000000002,
      "max": 0.039127868,
      "times": [
        0.030932982,
        0.031057788000000003,
        0.035942728,
        0.032001054,
        0.036333589,
        0.033575390000000004,
        0.033316438000000004,
        0.034515563,
        0.039127868,
        0.038480021,
        0.028093247000000002,
        0.032489913,
        0.030722358,
        0.033107311,
        0.031288097
      ],
      "memory_usage_byte": [
        36114432,
        36114432,
        36114432,
        36114432,
        36114432,
        36114432,
        36114432,
        36114432,
        36114432,
        36114432,
        36114432,
        36114432,
        36114432,
        36114432,
        36114432
      ],
      "exit_codes": [
        0,
        0,
        0,
        0,
        0,
        0,
        0,
        0,
        0,
        0,
        0,
        0,
        0,
        0,
        0
      ]
    }
  ]
}
