{
  "results": [
    {
      "command": "agentgrep linux__zero_match_literal__paths_only",
      "mean": 0.030592085133333342,
      "stddev": 0.003376927868503685,
      "median": 0.030014772000000002,
      "user": 0.03640786666666666,
      "system": 0.07633586666666667,
      "min": 0.025806168,
      "max": 0.038035977000000006,
      "times": [
        0.034500294,
        0.028563280000000003,
        0.031328233000000004,
        0.038035977000000006,
        0.03386857,
        0.031388059,
        0.034270067,
        0.027366182000000003,
        0.030014772000000002,
        0.026283115000000003,
        0.029277308000000002,
        0.025806168,
        0.029082767000000002,
        0.030259951,
        0.028836534
      ],
      "memory_usage_byte": [
        10395648,
        11358208,
        11509760,
        11509760,
        11509760,
        11509760,
        11509760,
        11509760,
        11509760,
        11632640,
        11632640,
        11632640,
        11632640,
        11632640,
        11632640
      ],
      "exit_codes": [
        0,
        0,
        0,
        0,
        0,
        0,
        0,
        0,
        0,
        0,
        0,
        0,
        0,
        0,
        0
      ]
    },
    {
      "command": "rg linux__zero_match_literal__paths_only",
      "mean": 0.032625827133333334,
      "stddev": 0.003325856996857263,
      "median": 0.031138091000000003,
      "user": 0.03736646666666667,
      "system": 0.09286006666666667,
      "min": 0.029138287000000002,
      "max": 0.039543471000000004,
      "times": [
        0.031998529000000005,
        0.029556469000000002,
        0.030703204,
        0.031138091000000003,
        0.029703010000000002,
        0.034686118,
        0.036217608000000005,
        0.029138287000000002,
        0.035517255000000005,
        0.037994924,
        0.032116491000000004,
        0.030955857000000003,
        0.029968329000000002,
        0.039543471000000004,
        0.030149764000000003
      ],
      "memory_usage_byte": [
        12288000,
        12288000,
        12288000,
        12288000,
        12288000,
        12288000,
        12288000,
        12288000,
        12288000,
        12288000,
        12288000,
        12288000,
        12288000,
        12288000,
        12288000
      ],
      "exit_codes": [
        1,
        1,
        1,
        1,
        1,
        1,
        1,
        1,
        1,
        1,
        1,
        1,
        1,
        1,
        1
      ]
    }
  ]
}
