{
  "results": [
    {
      "command": "agentgrep linux__hidden__paths_only",
      "mean": 0.03747610046666667,
      "stddev": 0.005686722148676309,
      "median": 0.036454061,
      "user": 0.040709133333333335,
      "system": 0.08968053333333333,
      "min": 0.029350679,
      "max": 0.050104447,
      "times": [
        0.036454061,
        0.038733769,
        0.050104447,
        0.0446053,
        0.045567148,
        0.035469395,
        0.029350679,
        0.032164137,
        0.034130293,
        0.036033667000000005,
        0.030183163000000002,
        0.038712355000000004,
        0.038481216000000006,
        0.034818244000000005,
        0.037333633000000005
      ],
      "memory_usage_byte": [
        11157504,
        11157504,
        11550720,
        11550720,
        11550720,
        11550720,
        11550720,
        11550720,
        11550720,
        11550720,
        11550720,
        11550720,
        11550720,
        11550720,
        11993088
      ],
      "exit_codes": [
        0,
        0,
        0,
        0,
        0,
        0,
        0,
        0,
        0,
        0,
        0,
        0,
        0,
        0,
        0
      ]
    },
    {
      "command": "rg linux__hidden__paths_only",
      "mean": 0.03332870386666667,
      "stddev": 0.003205906684610809,
      "median": 0.032610966000000005,
      "user": 0.04086586666666667,
      "system": 0.10172726666666666,
      "min": 0.029631980000000002,
      "max": 0.042011076,
      "times": [
        0.038187071,
        0.042011076,
        0.032900295,
        0.033324198,
        0.030657484000000002,
        0.029914966,
        0.034914764,
        0.034036306,
        0.032223062000000004,
        0.03252231,
        0.031387796,
        0.029631980000000002,
        0.031676653,
        0.033931631000000004,
        0.032610966000000005
      ],
      "memory_usage_byte": [
        12873728,
        12873728,
        12873728,
        12873728,
        12873728,
        12873728,
        12873728,
        12873728,
        12873728,
        12873728,
        12873728,
        12873728,
        12873728,
        12873728,
        12873728
      ],
      "exit_codes": [
        0,
        0,
        0,
        0,
        0,
        0,
        0,
        0,
        0,
        0,
        0,
        0,
        0,
        0,
        0
      ]
    }
  ]
}
