{
  "results": [
    {
      "command": "agentgrep linux__regex_class__paths_only",
      "mean": 0.03418044700000001,
      "stddev": 0.003971866085976897,
      "median": 0.033246348,
      "user": 0.04682986666666667,
      "system": 0.0795558,
      "min": 0.027710129,
      "max": 0.043046787,
      "times": [
        0.033097197,
        0.027710129,
        0.032834185,
        0.031915387,
        0.031717959000000004,
        0.034178985,
        0.036534620000000004,
        0.031616248,
        0.033246348,
        0.034574349000000004,
        0.034094224,
        0.042442707,
        0.043046787,
        0.033635855,
        0.032061725
      ],
      "memory_usage_byte": [
        12283904,
        12283904,
        12627968,
        12627968,
        12627968,
        12627968,
        12627968,
        12627968,
        12627968,
        12627968,
        12627968,
        12627968,
        12627968,
        12627968,
        12627968
      ],
      "exit_codes": [
        0,
        0,
        0,
        0,
        0,
        0,
        0,
        0,
        0,
        0,
        0,
        0,
        0,
        0,
        0
      ]
    },
    {
      "command": "rg linux__regex_class__paths_only",
      "mean": 0.03080295746666667,
      "stddev": 0.0030759897746814036,
      "median": 0.031063568000000003,
      "user": 0.047201266666666665,
      "system": 0.09050866666666665,
      "min": 0.026369729,
      "max": 0.035982433,
      "times": [
        0.028275392000000003,
        0.026369729,
        0.032742142,
        0.031823173,
        0.028324725000000002,
        0.033355905000000005,
        0.027268053,
        0.028512950000000002,
        0.031063568000000003,
        0.033733116,
        0.035982433,
        0.033600212000000004,
        0.03456182,
        0.027769353,
        0.028661791000000002
      ],
      "memory_usage_byte": [
        12627968,
        12627968,
        12627968,
        12627968,
        12627968,
        12627968,
        12627968,
        12627968,
        12627968,
        12627968,
        12627968,
        12627968,
        12673024,
        13602816,
        13602816
      ],
      "exit_codes": [
        0,
        0,
        0,
        0,
        0,
        0,
        0,
        0,
        0,
        0,
        0,
        0,
        0,
        0,
        0
      ]
    }
  ]
}
