{
  "results": [
    {
      "command": "agentgrep linux__regex_alternation__paths_only",
      "mean": 0.0304027752,
      "stddev": 0.003724888097031972,
      "median": 0.029752545000000002,
      "user": 0.0445558,
      "system": 0.07707833333333335,
      "min": 0.026104327,
      "max": 0.038162270000000005,
      "times": [
        0.027424349,
        0.03720341,
        0.032815751000000004,
        0.038162270000000005,
        0.026408707,
        0.028416139000000003,
        0.033644232,
        0.030491604000000002,
        0.02705277,
        0.029292734,
        0.027345365000000003,
        0.031785215,
        0.026104327,
        0.030142210000000003,
        0.029752545000000002
      ],
      "memory_usage_byte": [
        11513856,
        11513856,
        11513856,
        11513856,
        11513856,
        11513856,
        11513856,
        11513856,
        12738560,
        12738560,
        12738560,
        12738560,
        12738560,
        12738560,
        12738560
      ],
      "exit_codes": [
        0,
        0,
        0,
        0,
        0,
        0,
        0,
        0,
        0,
        0,
        0,
        0,
        0,
        0,
        0
      ]
    },
    {
      "command": "rg linux__regex_alternation__paths_only",
      "mean": 0.033714332933333334,
      "stddev": 0.002866405731107824,
      "median": 0.034686245000000004,
      "user": 0.0417678,
      "system": 0.09057946666666666,
      "min": 0.028099113000000002,
      "max": 0.038044134,
      "times": [
        0.029211031000000002,
        0.034833649,
        0.03167313,
        0.032913011,
        0.036492017,
        0.038044134,
        0.03246708,
        0.028099113000000002,
        0.034686245000000004,
        0.037653052,
        0.031913719,
        0.032106616000000004,
        0.034991073000000004,
        0.035098005,
        0.035533119
      ],
      "memory_usage_byte": [
        12738560,
        12738560,
        12738560,
        12738560,
        12738560,
        12738560,
        12738560,
        12738560,
        12738560,
        12738560,
        12738560,
        12738560,
        12738560,
        12738560,
        12738560
      ],
      "exit_codes": [
        0,
        0,
        0,
        0,
        0,
        0,
        0,
        0,
        0,
        0,
        0,
        0,
        0,
        0,
        0
      ]
    }
  ]
}
