{
  "results": [
    {
      "command": "agentgrep linux__zero_match_literal__match",
      "mean": 0.0302813484,
      "stddev": 0.0029584324366170155,
      "median": 0.029709305000000002,
      "user": 0.04194273333333333,
      "system": 0.08777733333333333,
      "min": 0.026391611000000002,
      "max": 0.036492339000000006,
      "times": [
        0.027187915,
        0.031840949,
        0.029288409,
        0.028176269,
        0.026391611000000002,
        0.032061022,
        0.027051295000000003,
        0.031506715000000005,
        0.027164956,
        0.03303919,
        0.030543705,
        0.03447741,
        0.029709305000000002,
        0.036492339000000006,
        0.029289136
      ],
      "memory_usage_byte": [
        10973184,
        10973184,
        10973184,
        11427840,
        12361728,
        12361728,
        12361728,
        12361728,
        12361728,
        12361728,
        12361728,
        12361728,
        12361728,
        12361728,
        12607488
      ],
      "exit_codes": [
        0,
        0,
        0,
        0,
        0,
        0,
        0,
        0,
        0,
        0,
        0,
        0,
        0,
        0,
        0
      ]
    },
    {
      "command": "rg linux__zero_match_literal__match",
      "mean": 0.030733726,
      "stddev": 0.0015838006085621117,
      "median": 0.03054847,
      "user": 0.042710799999999986,
      "system": 0.09851073333333334,
      "min": 0.028992206000000003,
      "max": 0.034309582000000005,
      "times": [
        0.028992206000000003,
        0.029150942000000003,
        0.032093499000000004,
        0.03113157,
        0.029783128000000002,
        0.034309582000000005,
        0.029302881000000003,
        0.030937213,
        0.031244271,
        0.029942843,
        0.03054847,
        0.033545723,
        0.030265176,
        0.029077419,
        0.030680967000000003
      ],
      "memory_usage_byte": [
        12607488,
        12607488,
        12607488,
        12607488,
        12607488,
        12607488,
        12607488,
        12607488,
        12607488,
        12607488,
        12607488,
        12607488,
        12607488,
        12607488,
        12607488
      ],
      "exit_codes": [
        1,
        1,
        1,
        1,
        1,
        1,
        1,
        1,
        1,
        1,
        1,
        1,
        1,
        1,
        1
      ]
    }
  ]
}
