{
  "results": [
    {
      "command": "agentgrep linux__dash_literal__match",
      "mean": 0.09000399120000001,
      "stddev": 0.006514026518040678,
      "median": 0.08936307800000001,
      "user": 0.12541366666666667,
      "system": 0.11678133333333332,
      "min": 0.07744969800000001,
      "max": 0.10434209900000001,
      "times": [
        0.086716126,
        0.07744969800000001,
        0.085076311,
        0.08706570000000001,
        0.08936307800000001,
        0.09027296200000001,
        0.087000214,
        0.092905861,
        0.091499549,
        0.084809981,
        0.10434209900000001,
        0.09754209200000001,
        0.098763976,
        0.089774988,
        0.087477233
      ],
      "memory_usage_byte": [
        33329152,
        33329152,
        33329152,
        33329152,
        33329152,
        33329152,
        33329152,
        33329152,
        33329152,
        33329152,
        33329152,
        33329152,
        33329152,
        33329152,
        33329152
      ],
      "exit_codes": [
        0,
        0,
        0,
        0,
        0,
        0,
        0,
        0,
        0,
        0,
        0,
        0,
        0,
        0,
        0
      ]
    },
    {
      "command": "rg linux__dash_literal__match",
      "mean": 0.035246402133333334,
      "stddev": 0.0024679870991490167,
      "median": 0.034966425,
      "user": 0.06415886666666666,
      "system": 0.10330126666666668,
      "min": 0.030985751000000002,
      "max": 0.039082995,
      "times": [
        0.035661265000000004,
        0.038475742,
        0.03845844,
        0.039082995,
        0.034966425,
        0.038125185,
        0.034112677,
        0.035067246,
        0.032625498,
        0.030985751000000002,
        0.036733084,
        0.034647863,
        0.032871903,
        0.033760938000000004,
        0.03312102
      ],
      "memory_usage_byte": [
        33329152,
        33329152,
        33329152,
        33329152,
        33329152,
        33329152,
        33329152,
        33329152,
        33329152,
        33329152,
        33329152,
        33329152,
        33329152,
        33329152,
        33329152
      ],
      "exit_codes": [
        0,
        0,
        0,
        0,
        0,
        0,
        0,
        0,
        0,
        0,
        0,
        0,
        0,
        0,
        0
      ]
    }
  ]
}
