{
  "results": [
    {
      "command": "agentgrep linux__hidden__match",
      "mean": 0.09932936386666667,
      "stddev": 0.008051471467944141,
      "median": 0.098213795,
      "user": 0.1377713333333333,
      "system": 0.12817493333333332,
      "min": 0.08690094500000001,
      "max": 0.11612981900000001,
      "times": [
        0.10736395700000001,
        0.10791447900000001,
        0.11612981900000001,
        0.10028147000000001,
        0.095863815,
        0.090974445,
        0.08690094500000001,
        0.098213795,
        0.091101679,
        0.10258521100000001,
        0.104275955,
        0.10640948800000001,
        0.093082314,
        0.09648672100000001,
        0.09235636500000001
      ],
      "memory_usage_byte": [
        37896192,
        37896192,
        37896192,
        37896192,
        37896192,
        38031360,
        38031360,
        38125568,
        38125568,
        38125568,
        38125568,
        38125568,
        38125568,
        38125568,
        38125568
      ],
      "exit_codes": [
        0,
        0,
        0,
        0,
        0,
        0,
        0,
        0,
        0,
        0,
        0,
        0,
        0,
        0,
        0
      ]
    },
    {
      "command": "rg linux__hidden__match",
      "mean": 0.0348764552,
      "stddev": 0.00230669584895858,
      "median": 0.035337083000000005,
      "user": 0.06408866666666667,
      "system": 0.10409866666666666,
      "min": 0.031006571000000004,
      "max": 0.038418387000000005,
      "times": [
        0.037087204000000006,
        0.032791291,
        0.038418387000000005,
        0.035636739,
        0.032726131,
        0.038063568,
        0.034635319000000005,
        0.03238922,
        0.03385619,
        0.036897439000000004,
        0.031006571000000004,
        0.03601642,
        0.035337083000000005,
        0.032091154000000004,
        0.036194112
      ],
      "memory_usage_byte": [
        38125568,
        38125568,
        38125568,
        38125568,
        38125568,
        38125568,
        38125568,
        38125568,
        38125568,
        38125568,
        38125568,
        38125568,
        38125568,
        38125568,
        38125568
      ],
      "exit_codes": [
        0,
        0,
        0,
        0,
        0,
        0,
        0,
        0,
        0,
        0,
        0,
        0,
        0,
        0,
        0
      ]
    }
  ]
}
