{
  "results": [
    {
      "command": "agentgrep linux__regex_alternation__match",
      "mean": 0.038257076333333334,
      "stddev": 0.0061538933990279284,
      "median": 0.036397232,
      "user": 0.054909933333333334,
      "system": 0.09347720000000002,
      "min": 0.032178185000000005,
      "max": 0.056351717,
      "times": [
        0.032319666000000004,
        0.036397232,
        0.032178185000000005,
        0.039817622000000004,
        0.033498512,
        0.033624062,
        0.040966407,
        0.035464974,
        0.035842946,
        0.034321282,
        0.04351029,
        0.038100058,
        0.039275818000000004,
        0.042187374,
        0.056351717
      ],
      "memory_usage_byte": [
        12410880,
        12410880,
        12410880,
        12410880,
        12410880,
        12410880,
        12410880,
        12410880,
        12410880,
        12410880,
        12410880,
        12410880,
        12410880,
        12410880,
        12410880
      ],
      "exit_codes": [
        0,
        0,
        0,
        0,
        0,
        0,
        0,
        0,
        0,
        0,
        0,
        0,
        0,
        0,
        0
      ]
    },
    {
      "command": "rg linux__regex_alternation__match",
      "mean": 0.03334592706666666,
      "stddev": 0.003083861731995141,
      "median": 0.032081497,
      "user": 0.051698533333333324,
      "system": 0.1042231333333333,
      "min": 0.029612768,
      "max": 0.039582439000000004,
      "times": [
        0.037258275,
        0.038840703000000004,
        0.032081497,
        0.032678653,
        0.030978276000000003,
        0.034210289000000005,
        0.03475598,
        0.039582439000000004,
        0.032033593,
        0.029612768,
        0.030572072000000002,
        0.031630875,
        0.033804793,
        0.030197002,
        0.031951691000000004
      ],
      "memory_usage_byte": [
        13299712,
        13299712,
        13299712,
        13299712,
        13299712,
        13299712,
        13299712,
        13299712,
        13299712,
        13299712,
        13299712,
        13299712,
        13299712,
        13299712,
        13299712
      ],
      "exit_codes": [
        0,
        0,
        0,
        0,
        0,
        0,
        0,
        0,
        0,
        0,
        0,
        0,
        0,
        0,
        0
      ]
    }
  ]
}
