{
  "results": [
    {
      "command": "agentgrep linux__glob_md__match",
      "mean": 0.012335966533333333,
      "stddev": 0.0010567936602383558,
      "median": 0.012552678000000001,
      "user": 0.0162228,
      "system": 0.023233533333333334,
      "min": 0.010438077,
      "max": 0.013924757000000001,
      "times": [
        0.012552678000000001,
        0.011023069,
        0.011415856,
        0.013201096,
        0.013635540000000002,
        0.013924757000000001,
        0.012871552000000001,
        0.012709408,
        0.010928226000000001,
        0.010438077,
        0.012441842000000002,
        0.012988478000000001,
        0.01178937,
        0.011781777,
        0.013337772000000001
      ],
      "memory_usage_byte": [
        7630848,
        7716864,
        7716864,
        7716864,
        7716864,
        7716864,
        7716864,
        7716864,
        7716864,
        7716864,
        7716864,
        7716864,
        7716864,
        7778304,
        7778304
      ],
      "exit_codes": [
        0,
        0,
        0,
        0,
        0,
        0,
        0,
        0,
        0,
        0,
        0,
        0,
        0,
        0,
        0
      ]
    },
    {
      "command": "rg linux__glob_md__match",
      "mean": 0.013496948333333333,
      "stddev": 0.0017885750423024178,
      "median": 0.013304120000000001,
      "user": 0.0167494,
      "system": 0.029438533333333333,
      "min": 0.011210799,
      "max": 0.016952181,
      "times": [
        0.012448476,
        0.014821012000000001,
        0.015611399000000001,
        0.012883415,
        0.012061328000000001,
        0.016511349,
        0.011711498,
        0.013331445,
        0.013974452,
        0.016952181,
        0.013790485000000002,
        0.013304120000000001,
        0.011574327,
        0.011210799,
        0.012267939
      ],
      "memory_usage_byte": [
        7778304,
        7778304,
        7778304,
        7778304,
        7778304,
        7778304,
        7778304,
        7778304,
        7778304,
        7778304,
        7778304,
        7778304,
        7778304,
        7778304,
        7778304
      ],
      "exit_codes": [
        1,
        1,
        1,
        1,
        1,
        1,
        1,
        1,
        1,
        1,
        1,
        1,
        1,
        1,
        1
      ]
    }
  ]
}
