{
  "results": [
    {
      "command": "agentgrep linux__type_rs__paths_only",
      "mean": 0.012394844333333332,
      "stddev": 0.0016027305273021981,
      "median": 0.012223179,
      "user": 0.017614866666666663,
      "system": 0.025038133333333337,
      "min": 0.010056832,
      "max": 0.01637223,
      "times": [
        0.012794121,
        0.012572334000000001,
        0.01360645,
        0.010501467,
        0.012058485,
        0.013602139000000001,
        0.01637223,
        0.012637176,
        0.011922801,
        0.010056832,
        0.013937396000000001,
        0.011453324,
        0.011760272,
        0.010424459,
        0.012223179
      ],
      "memory_usage_byte": [
        7692288,
        7692288,
        7692288,
        7692288,
        7692288,
        7692288,
        7692288,
        7692288,
        7696384,
        7696384,
        7696384,
        7696384,
        7983104,
        7983104,
        7983104
      ],
      "exit_codes": [
        0,
        0,
        0,
        0,
        0,
        0,
        0,
        0,
        0,
        0,
        0,
        0,
        0,
        0,
        0
      ]
    },
    {
      "command": "rg linux__type_rs__paths_only",
      "mean": 0.012526698266666669,
      "stddev": 0.0012669107503585511,
      "median": 0.012626466000000001,
      "user": 0.018462333333333338,
      "system": 0.02933446666666666,
      "min": 0.010415833000000001,
      "max": 0.014283187000000001,
      "times": [
        0.014283187000000001,
        0.012774148,
        0.011514821000000001,
        0.013449169,
        0.012409258000000001,
        0.012382989,
        0.010586809,
        0.010415833000000001,
        0.012626466000000001,
        0.013057722,
        0.010825559,
        0.014116249,
        0.013245633000000001,
        0.012035121000000001,
        0.01417751
      ],
      "memory_usage_byte": [
        7983104,
        7983104,
        7983104,
        7983104,
        7983104,
        7983104,
        7983104,
        7983104,
        7983104,
        7983104,
        7983104,
        7983104,
        7983104,
        7983104,
        7983104
      ],
      "exit_codes": [
        0,
        0,
        0,
        0,
        0,
        0,
        0,
        0,
        0,
        0,
        0,
        0,
        0,
        0,
        0
      ]
    }
  ]
}
