{
  "results": [
    {
      "command": "agentgrep linux__hidden__match",
      "mean": 0.09073180666666665,
      "stddev": 0.00543653819579487,
      "median": 0.09054419200000001,
      "user": 0.1319508,
      "system": 0.11338933333333334,
      "min": 0.081573742,
      "max": 0.10120456700000001,
      "times": [
        0.091129073,
        0.08758354900000001,
        0.091032287,
        0.081573742,
        0.08806965400000001,
        0.086780958,
        0.09054419200000001,
        0.087711704,
        0.092646636,
        0.09532304500000001,
        0.088581226,
        0.09496217000000001,
        0.10120456700000001,
        0.09992168500000001,
        0.08391261200000001
      ],
      "memory_usage_byte": [
        40165376,
        40165376,
        40165376,
        40165376,
        40165376,
        40165376,
        40165376,
        40165376,
        40165376,
        40165376,
        40165376,
        40165376,
        40165376,
        40165376,
        40165376
      ],
      "exit_codes": [
        0,
        0,
        0,
        0,
        0,
        0,
        0,
        0,
        0,
        0,
        0,
        0,
        0,
        0,
        0
      ]
    },
    {
      "command": "rg linux__hidden__match",
      "mean": 0.03847371759999999,
      "stddev": 0.0038565237505454463,
      "median": 0.03732352,
      "user": 0.058559999999999994,
      "system": 0.09240286666666667,
      "min": 0.031125623,
      "max": 0.044885654000000004,
      "times": [
        0.031125623,
        0.041625898,
        0.036690927000000005,
        0.036356606,
        0.044846776000000005,
        0.043519108,
        0.044885654000000004,
        0.036338571,
        0.03732352,
        0.035825970000000006,
        0.035507552000000005,
        0.037902799,
        0.036726785000000005,
        0.040494764,
        0.037935211
      ],
      "memory_usage_byte": [
        40165376,
        40165376,
        40165376,
        40165376,
        40165376,
        40165376,
        40165376,
        40165376,
        40165376,
        40165376,
        40165376,
        40165376,
        40165376,
        40165376,
        40165376
      ],
      "exit_codes": [
        0,
        0,
        0,
        0,
        0,
        0,
        0,
        0,
        0,
        0,
        0,
        0,
        0,
        0,
        0
      ]
    }
  ]
}
