{
  "results": [
    {
      "command": "agentgrep linux__dash_literal__paths_only",
      "mean": 0.03471321153333333,
      "stddev": 0.003107460797815382,
      "median": 0.034431532,
      "user": 0.0373746,
      "system": 0.08068713333333334,
      "min": 0.028421848000000003,
      "max": 0.039280553,
      "times": [
        0.028421848000000003,
        0.033173984000000004,
        0.032588143,
        0.031339574,
        0.036243168,
        0.036099449000000006,
        0.039280553,
        0.034264197,
        0.038847651000000004,
        0.036069194,
        0.037915215,
        0.032461548,
        0.034431532,
        0.037753622,
        0.031808495
      ],
      "memory_usage_byte": [
        11341824,
        11341824,
        11341824,
        11341824,
        11341824,
        12886016,
        12886016,
        12886016,
        12886016,
        12886016,
        12886016,
        12886016,
        12886016,
        12886016,
        12886016
      ],
      "exit_codes": [
        0,
        0,
        0,
        0,
        0,
        0,
        0,
        0,
        0,
        0,
        0,
        0,
        0,
        0,
        0
      ]
    },
    {
      "command": "rg linux__dash_literal__paths_only",
      "mean": 0.0340042892,
      "stddev": 0.0028399674964644326,
      "median": 0.034046704000000004,
      "user": 0.03830893333333333,
      "system": 0.09955739999999999,
      "min": 0.029796984000000002,
      "max": 0.040254695,
      "times": [
        0.033041206000000004,
        0.038401412,
        0.032015161,
        0.031264522,
        0.0303836,
        0.03466261,
        0.034460739000000004,
        0.040254695,
        0.036168457,
        0.035800466,
        0.034100428,
        0.029796984000000002,
        0.034046704000000004,
        0.032766788000000005,
        0.032900566
      ],
      "memory_usage_byte": [
        12988416,
        12988416,
        12988416,
        12988416,
        12988416,
        12988416,
        12988416,
        12988416,
        12988416,
        12988416,
        12988416,
        12988416,
        12988416,
        12988416,
        12988416
      ],
      "exit_codes": [
        0,
        0,
        0,
        0,
        0,
        0,
        0,
        0,
        0,
        0,
        0,
        0,
        0,
        0,
        0
      ]
    }
  ]
}
