{
  "results": [
    {
      "command": "agentgrep linux__zero_match_literal__match",
      "mean": 0.03547780673333333,
      "stddev": 0.004889384274517316,
      "median": 0.035214539,
      "user": 0.036408933333333324,
      "system": 0.07466273333333334,
      "min": 0.029205226,
      "max": 0.043989214000000006,
      "times": [
        0.029205226,
        0.037626258,
        0.032617360000000005,
        0.033590769,
        0.029320775,
        0.039397296000000005,
        0.030509485000000003,
        0.032451838000000004,
        0.039734802,
        0.036528939,
        0.035214539,
        0.029925082000000002,
        0.039066658000000004,
        0.042988860000000004,
        0.043989214000000006
      ],
      "memory_usage_byte": [
        12083200,
        12083200,
        12083200,
        12083200,
        12083200,
        12083200,
        12083200,
        13553664,
        13553664,
        13553664,
        13553664,
        13553664,
        13553664,
        13553664,
        13553664
      ],
      "exit_codes": [
        0,
        0,
        0,
        0,
        0,
        0,
        0,
        0,
        0,
        0,
        0,
        0,
        0,
        0,
        0
      ]
    },
    {
      "command": "rg linux__zero_match_literal__match",
      "mean": 0.036118567000000004,
      "stddev": 0.006772550516167631,
      "median": 0.035215423,
      "user": 0.03946066666666667,
      "system": 0.09213673333333333,
      "min": 0.026321716000000002,
      "max": 0.0474544,
      "times": [
        0.047158318000000005,
        0.035215423,
        0.038393239,
        0.034996974,
        0.033074225,
        0.026321716000000002,
        0.033564437,
        0.028864946000000002,
        0.036920310000000005,
        0.028139992000000003,
        0.037243804000000005,
        0.0364451,
        0.0474544,
        0.047297583000000004,
        0.030688038
      ],
      "memory_usage_byte": [
        13553664,
        13553664,
        13553664,
        13553664,
        13553664,
        13553664,
        13553664,
        13553664,
        13553664,
        13553664,
        13553664,
        13553664,
        13553664,
        13553664,
        13553664
      ],
      "exit_codes": [
        1,
        1,
        1,
        1,
        1,
        1,
        1,
        1,
        1,
        1,
        1,
        1,
        1,
        1,
        1
      ]
    }
  ]
}
