{
  "results": [
    {
      "command": "agentgrep linux__dash_literal__paths_only",
      "mean": 0.030462240266666663,
      "stddev": 0.0028977316241837825,
      "median": 0.031200645000000003,
      "user": 0.03981439999999999,
      "system": 0.09415179999999998,
      "min": 0.025700291,
      "max": 0.033955456,
      "times": [
        0.027423283000000003,
        0.026664757,
        0.033715589000000004,
        0.029041884,
        0.033955456,
        0.031200645000000003,
        0.026897716000000002,
        0.032526853,
        0.033629651,
        0.029399087,
        0.029088042,
        0.032843696,
        0.03353943,
        0.031307224,
        0.025700291
      ],
      "memory_usage_byte": [
        12042240,
        12042240,
        12042240,
        12042240,
        12042240,
        12042240,
        12668928,
        12668928,
        12668928,
        12668928,
        12668928,
        12668928,
        12668928,
        12668928,
        12668928
      ],
      "exit_codes": [
        0,
        0,
        0,
        0,
        0,
        0,
        0,
        0,
        0,
        0,
        0,
        0,
        0,
        0,
        0
      ]
    },
    {
      "command": "rg linux__dash_literal__paths_only",
      "mean": 0.031831482066666666,
      "stddev": 0.0034832787697425967,
      "median": 0.030205936000000003,
      "user": 0.0394214,
      "system": 0.10662893333333333,
      "min": 0.028465455,
      "max": 0.038848997,
      "times": [
        0.031024232000000002,
        0.029904993,
        0.029893565,
        0.029191794000000004,
        0.028881812000000003,
        0.033409988,
        0.029785655,
        0.028465455,
        0.029016761000000002,
        0.030205936000000003,
        0.031400697000000005,
        0.037943127,
        0.037366065000000004,
        0.032133154000000004,
        0.038848997
      ],
      "memory_usage_byte": [
        12668928,
        12668928,
        12668928,
        13791232,
        13791232,
        13791232,
        13791232,
        13791232,
        13791232,
        13791232,
        13791232,
        13791232,
        13791232,
        13791232,
        13791232
      ],
      "exit_codes": [
        0,
        0,
        0,
        0,
        0,
        0,
        0,
        0,
        0,
        0,
        0,
        0,
        0,
        0,
        0
      ]
    }
  ]
}
