{
  "results": [
    {
      "command": "agentgrep linux__common_literal__match",
      "mean": 0.09703873333333334,
      "stddev": 0.004949734516416666,
      "median": 0.096336136,
      "user": 0.13398119999999997,
      "system": 0.12495653333333333,
      "min": 0.08889426,
      "max": 0.10441753100000001,
      "times": [
        0.10174682500000001,
        0.09714539900000001,
        0.101409654,
        0.08995821000000001,
        0.094202831,
        0.096336136,
        0.08889426,
        0.094445345,
        0.10441753100000001,
        0.10312111,
        0.104368045,
        0.096911836,
        0.094487714,
        0.093496484,
        0.09463962000000001
      ],
      "memory_usage_byte": [
        37986304,
        37986304,
        37986304,
        37986304,
        37986304,
        37986304,
        37986304,
        37986304,
        37986304,
        37986304,
        37986304,
        37986304,
        37986304,
        37986304,
        38039552
      ],
      "exit_codes": [
        0,
        0,
        0,
        0,
        0,
        0,
        0,
        0,
        0,
        0,
        0,
        0,
        0,
        0,
        0
      ]
    },
    {
      "command": "rg linux__common_literal__match",
      "mean": 0.03349159906666667,
      "stddev": 0.002580221195714719,
      "median": 0.033889274000000004,
      "user": 0.0614882,
      "system": 0.102943,
      "min": 0.029134935,
      "max": 0.037917486,
      "times": [
        0.034970741,
        0.032837979,
        0.035416996,
        0.037917486,
        0.035085415,
        0.033889274000000004,
        0.030036919000000002,
        0.031251597,
        0.029134935,
        0.030848831000000004,
        0.034073867,
        0.031250137000000004,
        0.037196786,
        0.035095447,
        0.033367576
      ],
      "memory_usage_byte": [
        38039552,
        38039552,
        38039552,
        38039552,
        38039552,
        38039552,
        38039552,
        38039552,
        38039552,
        38039552,
        38039552,
        38039552,
        38039552,
        38039552,
        38039552
      ],
      "exit_codes": [
        0,
        0,
        0,
        0,
        0,
        0,
        0,
        0,
        0,
        0,
        0,
        0,
        0,
        0,
        0
      ]
    }
  ]
}
