{
  "results": [
    {
      "command": "agentgrep linux__rare_literal__paths_only",
      "mean": 0.027222000933333334,
      "stddev": 0.0019552821247388347,
      "median": 0.027766653000000002,
      "user": 0.03708273333333334,
      "system": 0.08117299999999998,
      "min": 0.023703508,
      "max": 0.030361166000000002,
      "times": [
        0.028745755,
        0.027845964,
        0.028802499000000002,
        0.027951208,
        0.02656901,
        0.027766653000000002,
        0.025316464,
        0.027269915000000002,
        0.029396974000000003,
        0.023859425,
        0.023703508,
        0.026817021000000003,
        0.030361166000000002,
        0.028520424000000003,
        0.025404028000000002
      ],
      "memory_usage_byte": [
        11341824,
        11341824,
        11341824,
        11341824,
        11341824,
        11341824,
        11341824,
        11341824,
        11341824,
        11341824,
        11640832,
        11640832,
        11640832,
        11640832,
        11640832
      ],
      "exit_codes": [
        0,
        0,
        0,
        0,
        0,
        0,
        0,
        0,
        0,
        0,
        0,
        0,
        0,
        0,
        0
      ]
    },
    {
      "command": "rg linux__rare_literal__paths_only",
      "mean": 0.030985294533333336,
      "stddev": 0.0030589170681895365,
      "median": 0.030851487,
      "user": 0.03828379999999999,
      "system": 0.0909304,
      "min": 0.023946447000000003,
      "max": 0.035237952,
      "times": [
        0.031520403,
        0.035237952,
        0.030375243000000003,
        0.033418573,
        0.031929232,
        0.027011537000000002,
        0.03480272,
        0.030536323,
        0.023946447000000003,
        0.028560279,
        0.028963648,
        0.030851487,
        0.030687025000000003,
        0.034676916,
        0.032261633000000005
      ],
      "memory_usage_byte": [
        11640832,
        11640832,
        11640832,
        11640832,
        11640832,
        11640832,
        11640832,
        11640832,
        11640832,
        11640832,
        11640832,
        11640832,
        12087296,
        12087296,
        12087296
      ],
      "exit_codes": [
        0,
        0,
        0,
        0,
        0,
        0,
        0,
        0,
        0,
        0,
        0,
        0,
        0,
        0,
        0
      ]
    }
  ]
}
