{
  "results": [
    {
      "command": "agentgrep linux__rare_literal__match",
      "mean": 0.032010615533333335,
      "stddev": 0.0029083994176895365,
      "median": 0.031668379,
      "user": 0.040330333333333336,
      "system": 0.08795813333333331,
      "min": 0.028131815,
      "max": 0.037518002,
      "times": [
        0.031687631,
        0.036769717,
        0.030841181000000002,
        0.037518002,
        0.02931098,
        0.028131815,
        0.030533477000000003,
        0.031668379,
        0.029007382,
        0.033528687,
        0.029686831,
        0.030071271000000004,
        0.03217633,
        0.032990005,
        0.036237545
      ],
      "memory_usage_byte": [
        10444800,
        10444800,
        11886592,
        11886592,
        11886592,
        12025856,
        12025856,
        12455936,
        13004800,
        13004800,
        13004800,
        13004800,
        13004800,
        13004800,
        13004800
      ],
      "exit_codes": [
        0,
        0,
        0,
        0,
        0,
        0,
        0,
        0,
        0,
        0,
        0,
        0,
        0,
        0,
        0
      ]
    },
    {
      "command": "rg linux__rare_literal__match",
      "mean": 0.03194059566666667,
      "stddev": 0.003308703480168083,
      "median": 0.031067161000000003,
      "user": 0.04150499999999999,
      "system": 0.10188499999999999,
      "min": 0.027285911000000003,
      "max": 0.040811323000000004,
      "times": [
        0.029326598000000002,
        0.035196564,
        0.033454171000000005,
        0.030881964,
        0.03006007,
        0.031067161000000003,
        0.030559419,
        0.033337292000000004,
        0.040811323000000004,
        0.028691107,
        0.034951494,
        0.031984711,
        0.029900034000000002,
        0.031601116,
        0.027285911000000003
      ],
      "memory_usage_byte": [
        13004800,
        13004800,
        13004800,
        13004800,
        13004800,
        13004800,
        13004800,
        13004800,
        13004800,
        13004800,
        13004800,
        13004800,
        13004800,
        13004800,
        13004800
      ],
      "exit_codes": [
        0,
        0,
        0,
        0,
        0,
        0,
        0,
        0,
        0,
        0,
        0,
        0,
        0,
        0,
        0
      ]
    }
  ]
}
