{
  "results": [
    {
      "command": "agentgrep linux__common_literal__paths_only",
      "mean": 0.03210355386666667,
      "stddev": 0.004508802354063943,
      "median": 0.030842553,
      "user": 0.03903813333333332,
      "system": 0.08639893333333333,
      "min": 0.025869606000000003,
      "max": 0.045052224,
      "times": [
        0.045052224,
        0.035066319000000006,
        0.034613491,
        0.027845785,
        0.033616127,
        0.033064232,
        0.030795714000000002,
        0.030842553,
        0.035350733,
        0.029796926,
        0.029777237,
        0.029769238000000003,
        0.031306401000000005,
        0.025869606000000003,
        0.028786722
      ],
      "memory_usage_byte": [
        12349440,
        12349440,
        12349440,
        12349440,
        12349440,
        12349440,
        12349440,
        12349440,
        12349440,
        12349440,
        12349440,
        12349440,
        12349440,
        12349440,
        12349440
      ],
      "exit_codes": [
        0,
        0,
        0,
        0,
        0,
        0,
        0,
        0,
        0,
        0,
        0,
        0,
        0,
        0,
        0
      ]
    },
    {
      "command": "rg linux__common_literal__paths_only",
      "mean": 0.03114591486666667,
      "stddev": 0.002463435552478429,
      "median": 0.030812396000000002,
      "user": 0.039410066666666674,
      "system": 0.10154693333333334,
      "min": 0.028394537,
      "max": 0.037182044000000004,
      "times": [
        0.032143559,
        0.032273508,
        0.028394537,
        0.02973947,
        0.028897445,
        0.031055136,
        0.037182044000000004,
        0.030540782000000002,
        0.035434570000000006,
        0.028726641,
        0.030906176,
        0.031737275,
        0.030715222,
        0.030812396000000002,
        0.028629962000000002
      ],
      "memory_usage_byte": [
        12349440,
        12349440,
        12349440,
        12349440,
        12349440,
        12349440,
        12349440,
        12349440,
        12349440,
        12349440,
        12349440,
        12349440,
        12349440,
        12349440,
        12349440
      ],
      "exit_codes": [
        0,
        0,
        0,
        0,
        0,
        0,
        0,
        0,
        0,
        0,
        0,
        0,
        0,
        0,
        0
      ]
    }
  ]
}
