{
  "results": [
    {
      "command": "agentgrep linux__zero_match_literal__paths_only",
      "mean": 0.028666464999999995,
      "stddev": 0.0021045627721053744,
      "median": 0.028813348000000003,
      "user": 0.0398408,
      "system": 0.08710326666666666,
      "min": 0.024971831,
      "max": 0.033142675,
      "times": [
        0.029798467000000002,
        0.028223573000000002,
        0.033142675,
        0.031963589,
        0.02727202,
        0.026293051,
        0.02757853,
        0.030027349000000002,
        0.02884275,
        0.028602474000000003,
        0.029119633000000002,
        0.028813348000000003,
        0.026423380000000003,
        0.028924305,
        0.024971831
      ],
      "memory_usage_byte": [
        11747328,
        11747328,
        11747328,
        11747328,
        11747328,
        11829248,
        11829248,
        11829248,
        12120064,
        12120064,
        12120064,
        12120064,
        12120064,
        12120064,
        12120064
      ],
      "exit_codes": [
        0,
        0,
        0,
        0,
        0,
        0,
        0,
        0,
        0,
        0,
        0,
        0,
        0,
        0,
        0
      ]
    },
    {
      "command": "rg linux__zero_match_literal__paths_only",
      "mean": 0.03104295326666667,
      "stddev": 0.004440670578353028,
      "median": 0.029949793000000002,
      "user": 0.03778413333333333,
      "system": 0.10574586666666665,
      "min": 0.026640534,
      "max": 0.042396951,
      "times": [
        0.030215622,
        0.028213770000000003,
        0.027015065,
        0.032217532,
        0.035158112000000005,
        0.038425663000000006,
        0.042396951,
        0.029792003,
        0.02799222,
        0.029996538000000003,
        0.029949793000000002,
        0.026640534,
        0.029810156,
        0.027139739000000003,
        0.030680601000000002
      ],
      "memory_usage_byte": [
        12120064,
        12120064,
        12120064,
        12120064,
        12120064,
        12120064,
        12120064,
        12120064,
        12120064,
        12120064,
        12120064,
        12120064,
        12120064,
        12120064,
        12120064
      ],
      "exit_codes": [
        1,
        1,
        1,
        1,
        1,
        1,
        1,
        1,
        1,
        1,
        1,
        1,
        1,
        1,
        1
      ]
    }
  ]
}
