{
  "results": [
    {
      "command": "agentgrep linux__common_literal__paths_only",
      "mean": 0.03252594626666667,
      "stddev": 0.0029594460818012764,
      "median": 0.033348899,
      "user": 0.040385933333333325,
      "system": 0.08939139999999998,
      "min": 0.028363206000000002,
      "max": 0.037558719000000004,
      "times": [
        0.02984161,
        0.029337184000000002,
        0.028363206000000002,
        0.02952443,
        0.033348899,
        0.034953009,
        0.030941299000000002,
        0.030469748,
        0.034366501,
        0.033766945,
        0.036823958000000004,
        0.037558719000000004,
        0.029679586,
        0.035265958,
        0.033648142
      ],
      "memory_usage_byte": [
        11640832,
        11640832,
        11640832,
        11640832,
        11640832,
        11640832,
        11640832,
        12410880,
        12410880,
        12410880,
        12410880,
        12410880,
        12742656,
        12742656,
        12742656
      ],
      "exit_codes": [
        0,
        0,
        0,
        0,
        0,
        0,
        0,
        0,
        0,
        0,
        0,
        0,
        0,
        0,
        0
      ]
    },
    {
      "command": "rg linux__common_literal__paths_only",
      "mean": 0.03775002013333333,
      "stddev": 0.006721622297498328,
      "median": 0.035875248000000005,
      "user": 0.03905053333333333,
      "system": 0.11018793333333333,
      "min": 0.030278277000000003,
      "max": 0.052747916000000006,
      "times": [
        0.037508846000000005,
        0.030278277000000003,
        0.032083614,
        0.032247514000000005,
        0.031654985000000004,
        0.032953206,
        0.035875248000000005,
        0.043139619000000004,
        0.049123053,
        0.052747916000000006,
        0.036437561,
        0.04102426,
        0.034344835000000004,
        0.033815512,
        0.043015856000000005
      ],
      "memory_usage_byte": [
        12742656,
        12742656,
        12742656,
        12742656,
        12742656,
        12836864,
        12836864,
        12836864,
        12836864,
        12836864,
        12836864,
        12836864,
        12836864,
        12836864,
        12836864
      ],
      "exit_codes": [
        0,
        0,
        0,
        0,
        0,
        0,
        0,
        0,
        0,
        0,
        0,
        0,
        0,
        0,
        0
      ]
    }
  ]
}
