{
  "results": [
    {
      "command": "agentgrep linux__regex_class__paths_only",
      "mean": 0.033337509933333336,
      "stddev": 0.003122349335307115,
      "median": 0.033013764,
      "user": 0.05050846666666667,
      "system": 0.09252933333333332,
      "min": 0.029096235,
      "max": 0.038409672000000006,
      "times": [
        0.032565702,
        0.034242103,
        0.035174455,
        0.035508780000000004,
        0.034814945,
        0.029974235000000002,
        0.031385301000000004,
        0.033013764,
        0.03049237,
        0.038409672000000006,
        0.037954374,
        0.029096289,
        0.031244582000000003,
        0.037089842000000005,
        0.029096235
      ],
      "memory_usage_byte": [
        12238848,
        12238848,
        12238848,
        12238848,
        12238848,
        12238848,
        12238848,
        12238848,
        12238848,
        12238848,
        12238848,
        12238848,
        12238848,
        12238848,
        12238848
      ],
      "exit_codes": [
        0,
        0,
        0,
        0,
        0,
        0,
        0,
        0,
        0,
        0,
        0,
        0,
        0,
        0,
        0
      ]
    },
    {
      "command": "rg linux__regex_class__paths_only",
      "mean": 0.032553646533333334,
      "stddev": 0.0032212289709442937,
      "median": 0.032815549,
      "user": 0.046638133333333325,
      "system": 0.10285553333333332,
      "min": 0.027340673000000003,
      "max": 0.037854789,
      "times": [
        0.030500158000000003,
        0.028131832000000002,
        0.034880085000000005,
        0.031363993,
        0.033323108000000004,
        0.027340673000000003,
        0.037854789,
        0.036579212,
        0.037483027,
        0.033284182,
        0.031269363,
        0.029479686,
        0.033729163,
        0.032815549,
        0.030269878000000004
      ],
      "memory_usage_byte": [
        12238848,
        12238848,
        12238848,
        12238848,
        12238848,
        12238848,
        12238848,
        12238848,
        12238848,
        12238848,
        12238848,
        12238848,
        12238848,
        12238848,
        12238848
      ],
      "exit_codes": [
        0,
        0,
        0,
        0,
        0,
        0,
        0,
        0,
        0,
        0,
        0,
        0,
        0,
        0,
        0
      ]
    }
  ]
}
