{
  "results": [
    {
      "command": "agentgrep linux__glob_md__paths_only",
      "mean": 0.011656493933333336,
      "stddev": 0.0011830516338418122,
      "median": 0.011623204000000002,
      "user": 0.014358799999999996,
      "system": 0.02380233333333333,
      "min": 0.009623487,
      "max": 0.014373609,
      "times": [
        0.011623204000000002,
        0.01161531,
        0.010067497,
        0.009623487,
        0.013198015,
        0.011660081000000001,
        0.014373609,
        0.012152435000000001,
        0.011808198,
        0.011002818000000001,
        0.011495104,
        0.011732287000000001,
        0.011605324,
        0.010359987000000001,
        0.012530053000000001
      ],
      "memory_usage_byte": [
        7487488,
        7487488,
        7630848,
        7630848,
        7630848,
        7630848,
        7630848,
        7630848,
        7630848,
        7630848,
        7757824,
        7757824,
        7757824,
        7757824,
        7757824
      ],
      "exit_codes": [
        0,
        0,
        0,
        0,
        0,
        0,
        0,
        0,
        0,
        0,
        0,
        0,
        0,
        0,
        0
      ]
    },
    {
      "command": "rg linux__glob_md__paths_only",
      "mean": 0.012666285466666668,
      "stddev": 0.0013685013836125827,
      "median": 0.012077652000000001,
      "user": 0.017332666666666663,
      "system": 0.028074333333333333,
      "min": 0.010813294000000001,
      "max": 0.015308866,
      "times": [
        0.011944942,
        0.014186552000000002,
        0.011526016,
        0.011679188,
        0.013832563,
        0.012077652000000001,
        0.013728486000000002,
        0.012036485000000001,
        0.011563782,
        0.013036192,
        0.012087220000000001,
        0.015308866,
        0.011439746,
        0.014733298,
        0.010813294000000001
      ],
      "memory_usage_byte": [
        7909376,
        7909376,
        7909376,
        7909376,
        7909376,
        7909376,
        7909376,
        7909376,
        7909376,
        7909376,
        7909376,
        7909376,
        7909376,
        7909376,
        7909376
      ],
      "exit_codes": [
        1,
        1,
        1,
        1,
        1,
        1,
        1,
        1,
        1,
        1,
        1,
        1,
        1,
        1,
        1
      ]
    }
  ]
}
