{
  "results": [
    {
      "command": "agentgrep linux__rare_literal__paths_only",
      "mean": 0.02774516746666667,
      "stddev": 0.002027378770439233,
      "median": 0.027103187,
      "user": 0.03523613333333332,
      "system": 0.0923338,
      "min": 0.024734928000000003,
      "max": 0.031809526000000005,
      "times": [
        0.024734928000000003,
        0.02691823,
        0.026848299000000003,
        0.027103187,
        0.025060792000000002,
        0.025413726,
        0.028890903000000002,
        0.030006633,
        0.027003712000000003,
        0.026974368000000002,
        0.031809526000000005,
        0.028451074000000003,
        0.030642128,
        0.028714818000000003,
        0.027605188000000003
      ],
      "memory_usage_byte": [
        12423168,
        12423168,
        12423168,
        12423168,
        12423168,
        12423168,
        12423168,
        12423168,
        12423168,
        12423168,
        12423168,
        12423168,
        12423168,
        12423168,
        12423168
      ],
      "exit_codes": [
        0,
        0,
        0,
        0,
        0,
        0,
        0,
        0,
        0,
        0,
        0,
        0,
        0,
        0,
        0
      ]
    },
    {
      "command": "rg linux__rare_literal__paths_only",
      "mean": 0.031107204733333334,
      "stddev": 0.0029914324848369276,
      "median": 0.030541202000000003,
      "user": 0.03857166666666667,
      "system": 0.09790546666666665,
      "min": 0.025553993,
      "max": 0.036383867,
      "times": [
        0.027877983000000002,
        0.029881128000000003,
        0.030541202000000003,
        0.027674531000000002,
        0.029766264,
        0.029948175,
        0.025553993,
        0.031916943,
        0.033952454,
        0.034259512,
        0.031398904000000005,
        0.035370443,
        0.036383867,
        0.029930776000000003,
        0.032151896
      ],
      "memory_usage_byte": [
        14237696,
        14237696,
        14237696,
        14237696,
        14237696,
        14237696,
        14237696,
        14237696,
        14237696,
        14237696,
        14237696,
        14237696,
        14237696,
        14237696,
        14237696
      ],
      "exit_codes": [
        0,
        0,
        0,
        0,
        0,
        0,
        0,
        0,
        0,
        0,
        0,
        0,
        0,
        0,
        0
      ]
    }
  ]
}
