{
  "results": [
    {
      "command": "agentgrep linux__type_rs__paths_only",
      "mean": 0.012645212733333336,
      "stddev": 0.0013806524016369151,
      "median": 0.012268744000000002,
      "user": 0.013609333333333331,
      "system": 0.02381213333333333,
      "min": 0.010496981,
      "max": 0.015851598,
      "times": [
        0.015851598,
        0.011700824,
        0.012268744000000002,
        0.013490976,
        0.014482436000000001,
        0.012432407000000001,
        0.010496981,
        0.01207031,
        0.012199583,
        0.011341465,
        0.013364057,
        0.011660118,
        0.013783044000000001,
        0.013082044000000001,
        0.011453604000000001
      ],
      "memory_usage_byte": [
        7573504,
        7573504,
        7634944,
        7634944,
        7749632,
        7749632,
        7749632,
        7749632,
        7749632,
        7749632,
        7749632,
        7749632,
        7749632,
        7749632,
        7749632
      ],
      "exit_codes": [
        0,
        0,
        0,
        0,
        0,
        0,
        0,
        0,
        0,
        0,
        0,
        0,
        0,
        0,
        0
      ]
    },
    {
      "command": "rg linux__type_rs__paths_only",
      "mean": 0.012590085933333333,
      "stddev": 0.0014704349761819491,
      "median": 0.012810364000000001,
      "user": 0.01834713333333333,
      "system": 0.024765866666666667,
      "min": 0.010424613000000001,
      "max": 0.015970379,
      "times": [
        0.015970379,
        0.012810364000000001,
        0.014303824000000001,
        0.012887163,
        0.011271655,
        0.012885501,
        0.010424613000000001,
        0.010484031000000001,
        0.012983242,
        0.01206979,
        0.013330298,
        0.011927112,
        0.014002765,
        0.011725501000000001,
        0.011775051
      ],
      "memory_usage_byte": [
        7827456,
        7925760,
        7925760,
        7925760,
        7925760,
        7925760,
        7925760,
        7925760,
        7925760,
        7925760,
        7925760,
        7925760,
        7925760,
        7925760,
        7925760
      ],
      "exit_codes": [
        0,
        0,
        0,
        0,
        0,
        0,
        0,
        0,
        0,
        0,
        0,
        0,
        0,
        0,
        0
      ]
    }
  ]
}
