{
  "results": [
    {
      "command": "agentgrep linux__hidden__paths_only",
      "mean": 0.03004664746666667,
      "stddev": 0.002310690338187823,
      "median": 0.030573080000000002,
      "user": 0.037817133333333336,
      "system": 0.0794334,
      "min": 0.026360627,
      "max": 0.034433685000000006,
      "times": [
        0.034433685000000006,
        0.028532924,
        0.032126880000000003,
        0.033366985,
        0.027342166,
        0.030641758,
        0.027980044000000003,
        0.030573080000000002,
        0.026360627,
        0.02916548,
        0.030185034000000003,
        0.030764497000000002,
        0.031366312,
        0.02712571,
        0.030734530000000003
      ],
      "memory_usage_byte": [
        11354112,
        11354112,
        11354112,
        11354112,
        11354112,
        11354112,
        11354112,
        11354112,
        11354112,
        11354112,
        11460608,
        11460608,
        11460608,
        12488704,
        12488704
      ],
      "exit_codes": [
        0,
        0,
        0,
        0,
        0,
        0,
        0,
        0,
        0,
        0,
        0,
        0,
        0,
        0,
        0
      ]
    },
    {
      "command": "rg linux__hidden__paths_only",
      "mean": 0.03301022906666667,
      "stddev": 0.0030949835757642335,
      "median": 0.033276886000000006,
      "user": 0.042753266666666664,
      "system": 0.10138986666666666,
      "min": 0.028549615,
      "max": 0.040667760000000004,
      "times": [
        0.033276886000000006,
        0.030518606,
        0.040667760000000004,
        0.030956508,
        0.028549615,
        0.033313863,
        0.034534852000000005,
        0.031515137,
        0.034905738000000006,
        0.031066339000000002,
        0.036456458000000004,
        0.028622146,
        0.03334728,
        0.034352021,
        0.033070227
      ],
      "memory_usage_byte": [
        12488704,
        12488704,
        12488704,
        12644352,
        12644352,
        12644352,
        12644352,
        12644352,
        12644352,
        12963840,
        12963840,
        12963840,
        12963840,
        12963840,
        12963840
      ],
      "exit_codes": [
        0,
        0,
        0,
        0,
        0,
        0,
        0,
        0,
        0,
        0,
        0,
        0,
        0,
        0,
        0
      ]
    }
  ]
}
