{
  "results": [
    {
      "command": "agentgrep linux__regex_alternation__paths_only",
      "mean": 0.0311780228,
      "stddev": 0.0031962990518307087,
      "median": 0.030580513000000004,
      "user": 0.04871559999999999,
      "system": 0.08906006666666669,
      "min": 0.025709475000000002,
      "max": 0.037360661,
      "times": [
        0.030439262,
        0.032674881,
        0.02880657,
        0.034008398,
        0.031409306000000005,
        0.033205693,
        0.033359118,
        0.028318957000000002,
        0.025709475000000002,
        0.029829962,
        0.029452009,
        0.027002484,
        0.037360661,
        0.035513053,
        0.030580513000000004
      ],
      "memory_usage_byte": [
        11583488,
        11583488,
        11583488,
        11583488,
        11583488,
        11583488,
        11583488,
        11816960,
        12587008,
        12587008,
        12587008,
        12587008,
        12587008,
        12587008,
        12587008
      ],
      "exit_codes": [
        0,
        0,
        0,
        0,
        0,
        0,
        0,
        0,
        0,
        0,
        0,
        0,
        0,
        0,
        0
      ]
    },
    {
      "command": "rg linux__regex_alternation__paths_only",
      "mean": 0.03256931606666667,
      "stddev": 0.002346310562550383,
      "median": 0.032741626,
      "user": 0.052078066666666666,
      "system": 0.10569006666666667,
      "min": 0.028460851000000002,
      "max": 0.037363079,
      "times": [
        0.033146606,
        0.033679046000000004,
        0.030205931000000002,
        0.030934179000000003,
        0.030867958,
        0.030682853000000003,
        0.030664010000000002,
        0.033577355,
        0.035371498,
        0.032767821,
        0.032615273,
        0.028460851000000002,
        0.032741626,
        0.035461655,
        0.037363079
      ],
      "memory_usage_byte": [
        12587008,
        12587008,
        12587008,
        12587008,
        12587008,
        12587008,
        12587008,
        12587008,
        12587008,
        12587008,
        12587008,
        12587008,
        12587008,
        12587008,
        12587008
      ],
      "exit_codes": [
        0,
        0,
        0,
        0,
        0,
        0,
        0,
        0,
        0,
        0,
        0,
        0,
        0,
        0,
        0
      ]
    }
  ]
}
