{
  "results": [
    {
      "command": "agentgrep linux__regex_class__match",
      "mean": 0.03286024526666667,
      "stddev": 0.0028494135873434042,
      "median": 0.032156022,
      "user": 0.051458,
      "system": 0.0893675333333333,
      "min": 0.028392519,
      "max": 0.036841986,
      "times": [
        0.03209055,
        0.0355299,
        0.036379350000000005,
        0.034066882,
        0.030798689,
        0.035859803,
        0.029746448,
        0.036841986,
        0.035675877,
        0.029613300000000002,
        0.032156022,
        0.031927604000000005,
        0.029491877000000003,
        0.028392519,
        0.034332872
      ],
      "memory_usage_byte": [
        12128256,
        12128256,
        12128256,
        12128256,
        12128256,
        12128256,
        12128256,
        12128256,
        12128256,
        12128256,
        12128256,
        12128256,
        12128256,
        12128256,
        12128256
      ],
      "exit_codes": [
        0,
        0,
        0,
        0,
        0,
        0,
        0,
        0,
        0,
        0,
        0,
        0,
        0,
        0,
        0
      ]
    },
    {
      "command": "rg linux__regex_class__match",
      "mean": 0.034103347,
      "stddev": 0.0037942240851606287,
      "median": 0.033027991,
      "user": 0.0475898,
      "system": 0.09538346666666667,
      "min": 0.027861565,
      "max": 0.042741650000000006,
      "times": [
        0.033027991,
        0.032101656,
        0.027861565,
        0.030775565,
        0.035355671000000005,
        0.03186621,
        0.032517478,
        0.035026403000000005,
        0.035716330000000004,
        0.042741650000000006,
        0.032754607000000005,
        0.035245786,
        0.039865781,
        0.030051919000000003,
        0.036641593
      ],
      "memory_usage_byte": [
        12128256,
        12128256,
        12128256,
        12128256,
        12128256,
        12128256,
        12128256,
        12128256,
        12128256,
        12779520,
        12779520,
        12779520,
        12779520,
        12779520,
        12779520
      ],
      "exit_codes": [
        0,
        0,
        0,
        0,
        0,
        0,
        0,
        0,
        0,
        0,
        0,
        0,
        0,
        0,
        0
      ]
    }
  ]
}
