{
  "results": [
    {
      "command": "agentgrep linux__glob_md__paths_only",
      "mean": 0.011984384533333335,
      "stddev": 0.0019757256135791465,
      "median": 0.011414029000000001,
      "user": 0.014672266666666666,
      "system": 0.020711666666666663,
      "min": 0.009986512000000001,
      "max": 0.01699739,
      "times": [
        0.010439285000000001,
        0.013495759000000001,
        0.010788603,
        0.014615606000000001,
        0.010140345,
        0.013033619000000001,
        0.01044426,
        0.009986512000000001,
        0.01699739,
        0.011527183,
        0.013038593000000001,
        0.010355979000000001,
        0.011414029000000001,
        0.010964455000000001,
        0.012524150000000001
      ],
      "memory_usage_byte": [
        7655424,
        7655424,
        7655424,
        7655424,
        7655424,
        7655424,
        7655424,
        7655424,
        7655424,
        7655424,
        7655424,
        7655424,
        7655424,
        7655424,
        7655424
      ],
      "exit_codes": [
        0,
        0,
        0,
        0,
        0,
        0,
        0,
        0,
        0,
        0,
        0,
        0,
        0,
        0,
        0
      ]
    },
    {
      "command": "rg linux__glob_md__paths_only",
      "mean": 0.011565207000000001,
      "stddev": 0.0007266200984756165,
      "median": 0.011407182,
      "user": 0.015190866666666665,
      "system": 0.024977999999999997,
      "min": 0.010252403,
      "max": 0.013264288,
      "times": [
        0.011407182,
        0.013264288,
        0.012269460000000001,
        0.011317543000000001,
        0.011792516000000001,
        0.011338701000000001,
        0.011927408,
        0.010252403,
        0.011650447000000001,
        0.010846166,
        0.011355113,
        0.012054184,
        0.010760716,
        0.01111902,
        0.012122958000000001
      ],
      "memory_usage_byte": [
        7655424,
        7655424,
        7655424,
        7655424,
        7655424,
        7655424,
        7655424,
        7655424,
        7655424,
        7655424,
        7655424,
        7655424,
        7655424,
        7655424,
        7655424
      ],
      "exit_codes": [
        1,
        1,
        1,
        1,
        1,
        1,
        1,
        1,
        1,
        1,
        1,
        1,
        1,
        1,
        1
      ]
    }
  ]
}
