{
  "results": [
    {
      "command": "agentgrep linux__regex_class__match",
      "mean": 0.029842403333333333,
      "stddev": 0.0015107699361736374,
      "median": 0.029962398,
      "user": 0.04582333333333333,
      "system": 0.07596460000000001,
      "min": 0.027225874,
      "max": 0.032230884,
      "times": [
        0.030331276,
        0.031523434,
        0.028379648,
        0.031277911,
        0.028491837000000002,
        0.030770564,
        0.027522475,
        0.029197872000000003,
        0.032230884,
        0.029122786,
        0.031587146,
        0.027225874,
        0.029894583000000002,
        0.030117362,
        0.029962398
      ],
      "memory_usage_byte": [
        11759616,
        11759616,
        12042240,
        12042240,
        12042240,
        12042240,
        12042240,
        12042240,
        12042240,
        12042240,
        12042240,
        12042240,
        12042240,
        12042240,
        12750848
      ],
      "exit_codes": [
        0,
        0,
        0,
        0,
        0,
        0,
        0,
        0,
        0,
        0,
        0,
        0,
        0,
        0,
        0
      ]
    },
    {
      "command": "rg linux__regex_class__match",
      "mean": 0.03573636746666666,
      "stddev": 0.004676685645943716,
      "median": 0.036041483,
      "user": 0.04738166666666667,
      "system": 0.09145946666666667,
      "min": 0.029617501,
      "max": 0.045713025000000004,
      "times": [
        0.032024552000000005,
        0.036412964,
        0.032112136,
        0.036041483,
        0.032444646,
        0.040649035,
        0.032494599,
        0.030183107,
        0.031840108,
        0.029617501,
        0.03904407,
        0.037488998,
        0.045713025000000004,
        0.039802501000000004,
        0.040176787000000005
      ],
      "memory_usage_byte": [
        12750848,
        12750848,
        12750848,
        12750848,
        12750848,
        12750848,
        12750848,
        12750848,
        12750848,
        12750848,
        12750848,
        12750848,
        12750848,
        12750848,
        12750848
      ],
      "exit_codes": [
        0,
        0,
        0,
        0,
        0,
        0,
        0,
        0,
        0,
        0,
        0,
        0,
        0,
        0,
        0
      ]
    }
  ]
}
