{
  "results": [
    {
      "command": "agentgrep linux__common_literal__match",
      "mean": 0.08884700866666669,
      "stddev": 0.0037650334318755064,
      "median": 0.088000269,
      "user": 0.12654633333333332,
      "system": 0.11460853333333332,
      "min": 0.08301006400000001,
      "max": 0.09610850200000001,
      "times": [
        0.090818827,
        0.09048930300000001,
        0.09513089000000001,
        0.08301006400000001,
        0.08659620700000001,
        0.087195994,
        0.084144681,
        0.08762810800000001,
        0.08660086,
        0.088000269,
        0.09351127000000001,
        0.088150533,
        0.088958676,
        0.09610850200000001,
        0.08636094600000001
      ],
      "memory_usage_byte": [
        39043072,
        39043072,
        39043072,
        39043072,
        39575552,
        39575552,
        39575552,
        39575552,
        39575552,
        39575552,
        39575552,
        39575552,
        39575552,
        39739392,
        39739392
      ],
      "exit_codes": [
        0,
        0,
        0,
        0,
        0,
        0,
        0,
        0,
        0,
        0,
        0,
        0,
        0,
        0,
        0
      ]
    },
    {
      "command": "rg linux__common_literal__match",
      "mean": 0.032533746466666666,
      "stddev": 0.002261269333705357,
      "median": 0.031988199,
      "user": 0.05731300000000001,
      "system": 0.09953153333333332,
      "min": 0.029154271000000002,
      "max": 0.039044615000000005,
      "times": [
        0.032091943000000005,
        0.039044615000000005,
        0.031554865,
        0.031790001000000005,
        0.032937447,
        0.033481484,
        0.031988199,
        0.032655754,
        0.029154271000000002,
        0.031904471000000004,
        0.034442721,
        0.031853546,
        0.031908466,
        0.029592507,
        0.033605907000000004
      ],
      "memory_usage_byte": [
        39739392,
        39739392,
        39739392,
        39739392,
        39739392,
        39739392,
        39739392,
        39739392,
        39739392,
        39739392,
        39739392,
        39739392,
        39739392,
        39739392,
        39739392
      ],
      "exit_codes": [
        0,
        0,
        0,
        0,
        0,
        0,
        0,
        0,
        0,
        0,
        0,
        0,
        0,
        0,
        0
      ]
    }
  ]
}
