{
  "results": [
    {
      "command": "agentgrep linux__type_rs__match",
      "mean": 0.012542219200000003,
      "stddev": 0.0011986332210018687,
      "median": 0.012477059,
      "user": 0.015969066666666663,
      "system": 0.022530266666666666,
      "min": 0.010312049,
      "max": 0.014970926,
      "times": [
        0.012446813000000001,
        0.014502793000000002,
        0.013637559,
        0.012199267000000001,
        0.012679081,
        0.012845932000000001,
        0.011285313,
        0.010312049,
        0.014970926,
        0.012480602,
        0.011306265000000001,
        0.012318687,
        0.012931131,
        0.011739811000000001,
        0.012477059
      ],
      "memory_usage_byte": [
        7974912,
        7974912,
        7974912,
        7974912,
        7974912,
        7974912,
        8052736,
        8052736,
        8052736,
        8052736,
        8052736,
        8052736,
        8052736,
        8052736,
        8052736
      ],
      "exit_codes": [
        0,
        0,
        0,
        0,
        0,
        0,
        0,
        0,
        0,
        0,
        0,
        0,
        0,
        0,
        0
      ]
    },
    {
      "command": "rg linux__type_rs__match",
      "mean": 0.0132529978,
      "stddev": 0.0016157301364703382,
      "median": 0.013569825,
      "user": 0.017916733333333334,
      "system": 0.025553866666666668,
      "min": 0.010313401,
      "max": 0.015706736000000002,
      "times": [
        0.010971684,
        0.01455172,
        0.013569825,
        0.014502422000000001,
        0.0117731,
        0.014312328000000001,
        0.013405070000000002,
        0.01234634,
        0.010313401,
        0.013933198,
        0.011304350000000001,
        0.014775068,
        0.014727949,
        0.015706736000000002,
        0.012601776
      ],
      "memory_usage_byte": [
        8052736,
        8052736,
        8052736,
        8052736,
        8052736,
        8052736,
        8052736,
        8052736,
        8052736,
        8052736,
        8052736,
        8052736,
        8052736,
        8052736,
        8052736
      ],
      "exit_codes": [
        0,
        0,
        0,
        0,
        0,
        0,
        0,
        0,
        0,
        0,
        0,
        0,
        0,
        0,
        0
      ]
    }
  ]
}
