{
  "results": [
    {
      "command": "agentgrep linux__regex_alternation__match",
      "mean": 0.035232214133333335,
      "stddev": 0.0034843859495213955,
      "median": 0.03553701,
      "user": 0.050354800000000005,
      "system": 0.0836432,
      "min": 0.030011268,
      "max": 0.043006151,
      "times": [
        0.037893911,
        0.036580597,
        0.037994567,
        0.031446811000000005,
        0.030011268,
        0.03553701,
        0.039256506000000004,
        0.043006151,
        0.032883721000000005,
        0.034130571000000005,
        0.032875775,
        0.031435683,
        0.032921097,
        0.036962726,
        0.035546818
      ],
      "memory_usage_byte": [
        11706368,
        11706368,
        11706368,
        11706368,
        11706368,
        11706368,
        11706368,
        11706368,
        11706368,
        11706368,
        11706368,
        11706368,
        11706368,
        11706368,
        11706368
      ],
      "exit_codes": [
        0,
        0,
        0,
        0,
        0,
        0,
        0,
        0,
        0,
        0,
        0,
        0,
        0,
        0,
        0
      ]
    },
    {
      "command": "rg linux__regex_alternation__match",
      "mean": 0.03634357833333334,
      "stddev": 0.006105062333713809,
      "median": 0.03383129,
      "user": 0.0467814,
      "system": 0.08696773333333332,
      "min": 0.028967115,
      "max": 0.049131918000000004,
      "times": [
        0.030549414,
        0.031437190000000004,
        0.03383129,
        0.043770174,
        0.049131918000000004,
        0.044933529,
        0.037261936,
        0.039785735,
        0.040557801000000004,
        0.036463135,
        0.032544542,
        0.032713302,
        0.033595168,
        0.029611426000000003,
        0.028967115
      ],
      "memory_usage_byte": [
        13590528,
        13590528,
        13590528,
        13590528,
        13590528,
        13590528,
        13590528,
        13590528,
        13590528,
        13590528,
        13590528,
        13590528,
        13590528,
        13590528,
        13590528
      ],
      "exit_codes": [
        0,
        0,
        0,
        0,
        0,
        0,
        0,
        0,
        0,
        0,
        0,
        0,
        0,
        0,
        0
      ]
    }
  ]
}
