{
  "results": [
    {
      "command": "agentgrep linux__rare_literal__match",
      "mean": 0.029976887,
      "stddev": 0.003027307405422067,
      "median": 0.028953327,
      "user": 0.038912266666666674,
      "system": 0.08368726666666666,
      "min": 0.02643285,
      "max": 0.03616388,
      "times": [
        0.029357216000000002,
        0.029256552,
        0.035808892,
        0.028380236000000003,
        0.031979156,
        0.031531716,
        0.03268869,
        0.027931887000000002,
        0.03616388,
        0.026663759000000002,
        0.028347165,
        0.028953327,
        0.02643285,
        0.027801736,
        0.028356243000000003
      ],
      "memory_usage_byte": [
        11411456,
        11563008,
        11563008,
        11563008,
        11714560,
        12070912,
        12070912,
        12070912,
        12070912,
        12070912,
        12070912,
        12070912,
        12070912,
        12070912,
        12070912
      ],
      "exit_codes": [
        0,
        0,
        0,
        0,
        0,
        0,
        0,
        0,
        0,
        0,
        0,
        0,
        0,
        0,
        0
      ]
    },
    {
      "command": "rg linux__rare_literal__match",
      "mean": 0.029507646533333338,
      "stddev": 0.0035642561974009164,
      "median": 0.029208253000000003,
      "user": 0.03782666666666667,
      "system": 0.09554679999999999,
      "min": 0.025011924,
      "max": 0.035960138,
      "times": [
        0.026349642000000003,
        0.025011924,
        0.025280815,
        0.035960138,
        0.025012509000000002,
        0.029208253000000003,
        0.029310175,
        0.026263834000000003,
        0.029999419000000003,
        0.028958398000000003,
        0.02859601,
        0.033326617,
        0.034124767,
        0.033252122,
        0.031960075000000004
      ],
      "memory_usage_byte": [
        12070912,
        12070912,
        12070912,
        12070912,
        12070912,
        12070912,
        12070912,
        12070912,
        12070912,
        12070912,
        12070912,
        12070912,
        12070912,
        12070912,
        12070912
      ],
      "exit_codes": [
        0,
        0,
        0,
        0,
        0,
        0,
        0,
        0,
        0,
        0,
        0,
        0,
        0,
        0,
        0
      ]
    }
  ]
}
