{
  "results": [
    {
      "command": "agentgrep linux__type_rs__match",
      "mean": 0.013954933933333335,
      "stddev": 0.0020168171774445384,
      "median": 0.013537771,
      "user": 0.017740466666666666,
      "system": 0.023024599999999996,
      "min": 0.011538979000000001,
      "max": 0.018593862000000003,
      "times": [
        0.014998574,
        0.012434481,
        0.013174650000000001,
        0.012440223,
        0.013428289000000001,
        0.016484992,
        0.011801218,
        0.011777280000000001,
        0.016302249,
        0.013537771,
        0.018593862000000003,
        0.014092637000000002,
        0.011538979000000001,
        0.015132640000000001,
        0.013586164000000001
      ],
      "memory_usage_byte": [
        8024064,
        8024064,
        8024064,
        8024064,
        8024064,
        8024064,
        8024064,
        8024064,
        8024064,
        8024064,
        8036352,
        8036352,
        8036352,
        8036352,
        8036352
      ],
      "exit_codes": [
        0,
        0,
        0,
        0,
        0,
        0,
        0,
        0,
        0,
        0,
        0,
        0,
        0,
        0,
        0
      ]
    },
    {
      "command": "rg linux__type_rs__match",
      "mean": 0.012611022733333336,
      "stddev": 0.001427639899903007,
      "median": 0.012558174,
      "user": 0.0191858,
      "system": 0.028052733333333333,
      "min": 0.010444355,
      "max": 0.014740824000000001,
      "times": [
        0.011619489,
        0.012558174,
        0.014495224000000001,
        0.012633461,
        0.010444355,
        0.011659797000000001,
        0.01092484,
        0.013787301,
        0.014038182000000001,
        0.012921092,
        0.012554997,
        0.011424024000000001,
        0.010938187,
        0.014425394000000001,
        0.014740824000000001
      ],
      "memory_usage_byte": [
        8036352,
        8036352,
        8036352,
        8036352,
        8036352,
        8036352,
        8036352,
        8036352,
        8036352,
        8040448,
        8040448,
        8040448,
        8040448,
        8040448,
        8040448
      ],
      "exit_codes": [
        0,
        0,
        0,
        0,
        0,
        0,
        0,
        0,
        0,
        0,
        0,
        0,
        0,
        0,
        0
      ]
    }
  ]
}
