{
  "results": [
    {
      "command": "agentgrep synthetic__regex_alternation__paths_only",
      "mean": 0.008671618600000002,
      "stddev": 0.0010595535513742702,
      "median": 0.008655413,
      "user": 0.007135133333333333,
      "system": 0.014602866666666665,
      "min": 0.007067879000000001,
      "max": 0.010951324,
      "times": [
        0.009595459,
        0.009493904000000001,
        0.007651714,
        0.00941786,
        0.008085616,
        0.009175436,
        0.008807007,
        0.007858145,
        0.007818177,
        0.007345947,
        0.010951324,
        0.008470090000000001,
        0.008655413,
        0.009680308,
        0.007067879000000001
      ],
      "memory_usage_byte": [
        7434240,
        7434240,
        7438336,
        7495680,
        7495680,
        7495680,
        7495680,
        7495680,
        7495680,
        7495680,
        7495680,
        7512064,
        7512064,
        7512064,
        7569408
      ],
      "exit_codes": [
        0,
        0,
        0,
        0,
        0,
        0,
        0,
        0,
        0,
        0,
        0,
        0,
        0,
        0,
        0
      ]
    },
    {
      "command": "rg synthetic__regex_alternation__paths_only",
      "mean": 0.007528219000000002,
      "stddev": 0.0008793966106767266,
      "median": 0.007855552,
      "user": 0.005596733333333334,
      "system": 0.0146438,
      "min": 0.005722991,
      "max": 0.008324615,
      "times": [
        0.005968939,
        0.0073729500000000005,
        0.00610717,
        0.005722991,
        0.007653618,
        0.008052451,
        0.00802214,
        0.008324615,
        0.008240419,
        0.007540342,
        0.0082523,
        0.007855552,
        0.007510047000000001,
        0.0082281,
        0.008071651
      ],
      "memory_usage_byte": [
        7569408,
        7569408,
        7569408,
        7569408,
        7569408,
        7569408,
        7569408,
        7569408,
        7569408,
        7569408,
        7569408,
        7569408,
        7626752,
        7626752,
        7626752
      ],
      "exit_codes": [
        0,
        0,
        0,
        0,
        0,
        0,
        0,
        0,
        0,
        0,
        0,
        0,
        0,
        0,
        0
      ]
    }
  ]
}
