{
  "results": [
    {
      "command": "agentgrep synthetic__rare_literal__match",
      "mean": 0.008732219533333333,
      "stddev": 0.0007964826266719611,
      "median": 0.008934869,
      "user": 0.006738666666666666,
      "system": 0.013566533333333332,
      "min": 0.007507364000000001,
      "max": 0.009895900000000001,
      "times": [
        0.009233294000000001,
        0.009895900000000001,
        0.007507364000000001,
        0.007544501,
        0.007808792,
        0.009878879,
        0.009259839,
        0.007927449000000001,
        0.008910515,
        0.00833469,
        0.00924804,
        0.008934869,
        0.008952003,
        0.008172354,
        0.009374804
      ],
      "memory_usage_byte": [
        7630848,
        7655424,
        7655424,
        7655424,
        7655424,
        7655424,
        7655424,
        7655424,
        7655424,
        7655424,
        7655424,
        7712768,
        7712768,
        7712768,
        7712768
      ],
      "exit_codes": [
        0,
        0,
        0,
        0,
        0,
        0,
        0,
        0,
        0,
        0,
        0,
        0,
        0,
        0,
        0
      ]
    },
    {
      "command": "rg synthetic__rare_literal__match",
      "mean": 0.007470553333333334,
      "stddev": 0.000705681319398967,
      "median": 0.0074264610000000005,
      "user": 0.005822066666666666,
      "system": 0.011576266666666666,
      "min": 0.0064226610000000005,
      "max": 0.008702989000000001,
      "times": [
        0.007725185000000001,
        0.007188176,
        0.008702989000000001,
        0.008354209000000001,
        0.007348861000000001,
        0.0066503790000000005,
        0.0064226610000000005,
        0.007903198,
        0.007170697,
        0.0074562000000000005,
        0.006668776,
        0.0074264610000000005,
        0.006801908000000001,
        0.008634562,
        0.0076040380000000005
      ],
      "memory_usage_byte": [
        7720960,
        7720960,
        7720960,
        7720960,
        7901184,
        7901184,
        7901184,
        7901184,
        7901184,
        7901184,
        7901184,
        7901184,
        7901184,
        7901184,
        7901184
      ],
      "exit_codes": [
        0,
        0,
        0,
        0,
        0,
        0,
        0,
        0,
        0,
        0,
        0,
        0,
        0,
        0,
        0
      ]
    }
  ]
}
