{
  "results": [
    {
      "command": "agentgrep synthetic__common_literal__paths_only",
      "mean": 0.0105248856,
      "stddev": 0.0010114830393480794,
      "median": 0.010308627,
      "user": 0.006651133333333333,
      "system": 0.017104666666666664,
      "min": 0.009249680000000001,
      "max": 0.01299778,
      "times": [
        0.011218337,
        0.01299778,
        0.010308627,
        0.011506587,
        0.01086133,
        0.011189928,
        0.009921426,
        0.01005922,
        0.009482975000000001,
        0.010027549,
        0.009249680000000001,
        0.011150628000000001,
        0.009501066,
        0.009502956,
        0.010895195
      ],
      "memory_usage_byte": [
        7458816,
        7512064,
        7512064,
        7589888,
        7589888,
        7589888,
        7589888,
        7589888,
        7606272,
        7606272,
        7606272,
        7606272,
        7606272,
        7606272,
        7655424
      ],
      "exit_codes": [
        0,
        0,
        0,
        0,
        0,
        0,
        0,
        0,
        0,
        0,
        0,
        0,
        0,
        0,
        0
      ]
    },
    {
      "command": "rg synthetic__common_literal__paths_only",
      "mean": 0.007506435933333334,
      "stddev": 0.0007130955898563937,
      "median": 0.0077654280000000004,
      "user": 0.005812333333333333,
      "system": 0.015725066666666666,
      "min": 0.005996701,
      "max": 0.008300700000000001,
      "times": [
        0.007560935,
        0.008061492,
        0.008152169,
        0.006862588,
        0.008300700000000001,
        0.008294381,
        0.007805699,
        0.0066333270000000005,
        0.005996701,
        0.0068431410000000005,
        0.007517369,
        0.00781927,
        0.006788762,
        0.0077654280000000004,
        0.008194577
      ],
      "memory_usage_byte": [
        7655424,
        7655424,
        7655424,
        7655424,
        7655424,
        7655424,
        7655424,
        7655424,
        7655424,
        7684096,
        7684096,
        7684096,
        7684096,
        7684096,
        7684096
      ],
      "exit_codes": [
        0,
        0,
        0,
        0,
        0,
        0,
        0,
        0,
        0,
        0,
        0,
        0,
        0,
        0,
        0
      ]
    }
  ]
}
