{
  "results": [
    {
      "command": "agentgrep synthetic__hidden__match",
      "mean": 0.024254011000000002,
      "stddev": 0.004234515630435265,
      "median": 0.023264649000000002,
      "user": 0.014139733333333331,
      "system": 0.02259793333333333,
      "min": 0.018814610000000002,
      "max": 0.036794951,
      "times": [
        0.022708229,
        0.018814610000000002,
        0.023252422000000002,
        0.024342269000000003,
        0.022638869000000002,
        0.023035921,
        0.023264649000000002,
        0.02332789,
        0.024591977,
        0.028083993,
        0.019564893,
        0.021056621,
        0.025649119,
        0.026683752,
        0.036794951
      ],
      "memory_usage_byte": [
        9056256,
        9056256,
        9056256,
        9056256,
        9056256,
        9056256,
        9056256,
        9056256,
        9056256,
        9056256,
        9056256,
        9056256,
        9056256,
        9056256,
        9056256
      ],
      "exit_codes": [
        0,
        0,
        0,
        0,
        0,
        0,
        0,
        0,
        0,
        0,
        0,
        0,
        0,
        0,
        0
      ]
    },
    {
      "command": "rg synthetic__hidden__match",
      "mean": 0.011377554,
      "stddev": 0.002233799628930875,
      "median": 0.011364723,
      "user": 0.006335933333333333,
      "system": 0.012357533333333334,
      "min": 0.008020277000000001,
      "max": 0.014898068,
      "times": [
        0.008020277000000001,
        0.013856684000000001,
        0.009102004,
        0.010853102,
        0.012603925,
        0.013544239000000001,
        0.010885121000000001,
        0.014758419000000002,
        0.011513767000000001,
        0.014898068,
        0.008802215,
        0.011789466,
        0.010219592000000001,
        0.011364723,
        0.008451708
      ],
      "memory_usage_byte": [
        9056256,
        9056256,
        9056256,
        9056256,
        9056256,
        9056256,
        9056256,
        9056256,
        9056256,
        9056256,
        9056256,
        9056256,
        9056256,
        9056256,
        9056256
      ],
      "exit_codes": [
        0,
        0,
        0,
        0,
        0,
        0,
        0,
        0,
        0,
        0,
        0,
        0,
        0,
        0,
        0
      ]
    }
  ]
}
