{
  "results": [
    {
      "command": "agentgrep synthetic__dash_literal__paths_only",
      "mean": 0.011165969800000002,
      "stddev": 0.0009852753525469201,
      "median": 0.011178645000000001,
      "user": 0.006550733333333334,
      "system": 0.017597666666666664,
      "min": 0.01001522,
      "max": 0.012749943000000001,
      "times": [
        0.010394395,
        0.010115385000000001,
        0.011577782,
        0.01001522,
        0.010646490000000002,
        0.012331416000000001,
        0.011257219,
        0.011178645000000001,
        0.010395547000000002,
        0.011468181000000001,
        0.012749943000000001,
        0.012524460000000001,
        0.01013438,
        0.012488184000000001,
        0.0102123
      ],
      "memory_usage_byte": [
        7557120,
        7561216,
        7561216,
        7561216,
        7561216,
        7561216,
        7561216,
        7561216,
        7561216,
        7561216,
        7561216,
        7593984,
        7593984,
        7593984,
        7593984
      ],
      "exit_codes": [
        0,
        0,
        0,
        0,
        0,
        0,
        0,
        0,
        0,
        0,
        0,
        0,
        0,
        0,
        0
      ]
    },
    {
      "command": "rg synthetic__dash_literal__paths_only",
      "mean": 0.009257973066666668,
      "stddev": 0.0020431641084776007,
      "median": 0.008735080000000001,
      "user": 0.006212466666666666,
      "system": 0.01795773333333333,
      "min": 0.006872597,
      "max": 0.014592474000000001,
      "times": [
        0.008735080000000001,
        0.007972707,
        0.009225566000000001,
        0.009006705,
        0.007977736000000001,
        0.008457536,
        0.008256085,
        0.006872597,
        0.011638781,
        0.01186586,
        0.008994375,
        0.014592474000000001,
        0.008432831,
        0.009904109000000001,
        0.006937154
      ],
      "memory_usage_byte": [
        7593984,
        7593984,
        7593984,
        7593984,
        7593984,
        7593984,
        7593984,
        7593984,
        7684096,
        7684096,
        7684096,
        7684096,
        7684096,
        7684096,
        7684096
      ],
      "exit_codes": [
        0,
        0,
        0,
        0,
        0,
        0,
        0,
        0,
        0,
        0,
        0,
        0,
        0,
        0,
        0
      ]
    }
  ]
}
