{
  "results": [
    {
      "command": "agentgrep synthetic__zero_match_literal__paths_only",
      "mean": 0.009497004400000002,
      "stddev": 0.0013685242359231767,
      "median": 0.009250737,
      "user": 0.0053375333333333325,
      "system": 0.015069866666666666,
      "min": 0.007909829,
      "max": 0.013217287000000001,
      "times": [
        0.008068111000000001,
        0.008757302,
        0.007984444,
        0.009967548000000001,
        0.007909829,
        0.00987067,
        0.009049366000000001,
        0.009250737,
        0.010036112,
        0.008451346,
        0.010084383,
        0.009002501000000001,
        0.009791412000000001,
        0.013217287000000001,
        0.011014018
      ],
      "memory_usage_byte": [
        7376896,
        7376896,
        7393280,
        7421952,
        7438336,
        7438336,
        7438336,
        7438336,
        7438336,
        7438336,
        7495680,
        7495680,
        7512064,
        7557120,
        7557120
      ],
      "exit_codes": [
        0,
        0,
        0,
        0,
        0,
        0,
        0,
        0,
        0,
        0,
        0,
        0,
        0,
        0,
        0
      ]
    },
    {
      "command": "rg synthetic__zero_match_literal__paths_only",
      "mean": 0.007408672933333333,
      "stddev": 0.0011480443550864767,
      "median": 0.006956006000000001,
      "user": 0.005052866666666666,
      "system": 0.012715866666666667,
      "min": 0.0059377810000000005,
      "max": 0.009571182000000001,
      "times": [
        0.006182349,
        0.005946734,
        0.006298205,
        0.0059377810000000005,
        0.0067427170000000005,
        0.008522934000000001,
        0.006736467,
        0.009571182000000001,
        0.008640553,
        0.008240244,
        0.006956006000000001,
        0.007981229000000001,
        0.008554953,
        0.00688727,
        0.007931470000000001
      ],
      "memory_usage_byte": [
        7602176,
        7602176,
        7602176,
        7602176,
        7602176,
        7602176,
        7602176,
        7602176,
        7602176,
        7602176,
        7602176,
        7602176,
        7602176,
        7602176,
        7602176
      ],
      "exit_codes": [
        1,
        1,
        1,
        1,
        1,
        1,
        1,
        1,
        1,
        1,
        1,
        1,
        1,
        1,
        1
      ]
    }
  ]
}
