{
  "results": [
    {
      "command": "agentgrep synthetic__type_rs__match",
      "mean": 0.019187520866666665,
      "stddev": 0.002305217145343978,
      "median": 0.01871008,
      "user": 0.015273599999999998,
      "system": 0.020205866666666666,
      "min": 0.01618418,
      "max": 0.024558873000000002,
      "times": [
        0.019233225,
        0.022220404000000003,
        0.01871008,
        0.022354306,
        0.018156365,
        0.019425698,
        0.024558873000000002,
        0.01618418,
        0.017068158,
        0.018438242,
        0.016737054,
        0.018345836,
        0.017256089000000002,
        0.019854096,
        0.019270207
      ],
      "memory_usage_byte": [
        10285056,
        10285056,
        10285056,
        10285056,
        10285056,
        10285056,
        10285056,
        10285056,
        10285056,
        10285056,
        10285056,
        10285056,
        10285056,
        10285056,
        10285056
      ],
      "exit_codes": [
        0,
        0,
        0,
        0,
        0,
        0,
        0,
        0,
        0,
        0,
        0,
        0,
        0,
        0,
        0
      ]
    },
    {
      "command": "rg synthetic__type_rs__match",
      "mean": 0.0076630546,
      "stddev": 0.0010927892772527948,
      "median": 0.007452724000000001,
      "user": 0.008926066666666666,
      "system": 0.008471200000000002,
      "min": 0.006163585,
      "max": 0.010410473,
      "times": [
        0.007171432,
        0.007523707,
        0.007284299,
        0.007289149000000001,
        0.010410473,
        0.006163585,
        0.008241415,
        0.008423361,
        0.006624399,
        0.0061979140000000005,
        0.009000919000000001,
        0.008200753,
        0.00732289,
        0.007452724000000001,
        0.007638799000000001
      ],
      "memory_usage_byte": [
        10285056,
        10285056,
        10285056,
        10285056,
        10285056,
        10285056,
        10285056,
        10285056,
        10285056,
        10285056,
        10285056,
        10285056,
        10285056,
        10285056,
        10285056
      ],
      "exit_codes": [
        0,
        0,
        0,
        0,
        0,
        0,
        0,
        0,
        0,
        0,
        0,
        0,
        0,
        0,
        0
      ]
    }
  ]
}
