{
  "results": [
    {
      "command": "agentgrep synthetic__type_rs__match",
      "mean": 0.0203980316,
      "stddev": 0.001590610220026345,
      "median": 0.020020147000000002,
      "user": 0.013881933333333329,
      "system": 0.0180618,
      "min": 0.017954412,
      "max": 0.023720454000000002,
      "times": [
        0.020350401,
        0.019137009,
        0.019481153,
        0.019978513,
        0.020452678000000002,
        0.019765067,
        0.021891251,
        0.018062071000000002,
        0.023720454000000002,
        0.017954412,
        0.019714938,
        0.020966585000000003,
        0.022171679,
        0.022304116000000002,
        0.020020147000000002
      ],
      "memory_usage_byte": [
        9699328,
        9699328,
        9699328,
        9867264,
        9867264,
        9867264,
        9867264,
        9867264,
        9867264,
        9867264,
        9867264,
        9867264,
        9867264,
        9867264,
        9867264
      ],
      "exit_codes": [
        0,
        0,
        0,
        0,
        0,
        0,
        0,
        0,
        0,
        0,
        0,
        0,
        0,
        0,
        0
      ]
    },
    {
      "command": "rg synthetic__type_rs__match",
      "mean": 0.007803482266666667,
      "stddev": 0.0013624305039061347,
      "median": 0.0075052980000000005,
      "user": 0.0075233333333333315,
      "system": 0.006775533333333332,
      "min": 0.005470713,
      "max": 0.010404719000000002,
      "times": [
        0.0075052980000000005,
        0.007748147,
        0.009129635,
        0.007298595000000001,
        0.009989723,
        0.008057223,
        0.010404719000000002,
        0.006858650000000001,
        0.007219268,
        0.008266076,
        0.005934246000000001,
        0.007481102000000001,
        0.00878778,
        0.005470713,
        0.006901059
      ],
      "memory_usage_byte": [
        9867264,
        9867264,
        9867264,
        9867264,
        9867264,
        9867264,
        9867264,
        9867264,
        9867264,
        9867264,
        9867264,
        9867264,
        9867264,
        9867264,
        9867264
      ],
      "exit_codes": [
        0,
        0,
        0,
        0,
        0,
        0,
        0,
        0,
        0,
        0,
        0,
        0,
        0,
        0,
        0
      ]
    }
  ]
}
