{
  "results": [
    {
      "command": "agentgrep synthetic__common_literal__paths_only",
      "mean": 0.0104069736,
      "stddev": 0.0010376272948240963,
      "median": 0.010204385,
      "user": 0.0080626,
      "system": 0.016592266666666668,
      "min": 0.00873542,
      "max": 0.012360461000000001,
      "times": [
        0.010534739000000001,
        0.012169780000000002,
        0.010395593,
        0.009973997,
        0.00873542,
        0.010540922000000001,
        0.010204385,
        0.010176308,
        0.010927556000000001,
        0.009350181,
        0.009508472,
        0.011760116000000001,
        0.012360461000000001,
        0.009503236,
        0.009963438
      ],
      "memory_usage_byte": [
        7368704,
        7368704,
        7532544,
        7557120,
        7557120,
        7557120,
        7557120,
        7557120,
        7557120,
        7557120,
        7557120,
        7557120,
        7593984,
        7593984,
        7593984
      ],
      "exit_codes": [
        0,
        0,
        0,
        0,
        0,
        0,
        0,
        0,
        0,
        0,
        0,
        0,
        0,
        0,
        0
      ]
    },
    {
      "command": "rg synthetic__common_literal__paths_only",
      "mean": 0.008467889666666666,
      "stddev": 0.0008456095535112669,
      "median": 0.00860901,
      "user": 0.007138799999999999,
      "system": 0.016885599999999997,
      "min": 0.006973207,
      "max": 0.009890291,
      "times": [
        0.00773596,
        0.008520178,
        0.00917811,
        0.009890291,
        0.009420406000000001,
        0.008428478,
        0.009149416,
        0.00860901,
        0.006973207,
        0.008825756,
        0.007345928000000001,
        0.0076382460000000004,
        0.009071552,
        0.007554654,
        0.008677153
      ],
      "memory_usage_byte": [
        7819264,
        7819264,
        7819264,
        7819264,
        7819264,
        7819264,
        7819264,
        7819264,
        7819264,
        7819264,
        7819264,
        7819264,
        7819264,
        7819264,
        7819264
      ],
      "exit_codes": [
        0,
        0,
        0,
        0,
        0,
        0,
        0,
        0,
        0,
        0,
        0,
        0,
        0,
        0,
        0
      ]
    }
  ]
}
