{
  "results": [
    {
      "command": "agentgrep synthetic__zero_match_literal__match",
      "mean": 0.009286392666666667,
      "stddev": 0.0010676003059040982,
      "median": 0.009492264,
      "user": 0.006400199999999999,
      "system": 0.0151338,
      "min": 0.007124697,
      "max": 0.010736155,
      "times": [
        0.007716429,
        0.010150109000000001,
        0.009369199,
        0.007124697,
        0.008378737,
        0.009719409,
        0.010057469000000001,
        0.010736155,
        0.010048538000000001,
        0.008912501,
        0.009873222000000001,
        0.010608002,
        0.008089105000000001,
        0.009492264,
        0.009020054000000001
      ],
      "memory_usage_byte": [
        7565312,
        7565312,
        7565312,
        7651328,
        7761920,
        7761920,
        7761920,
        7761920,
        7761920,
        7761920,
        7761920,
        7761920,
        7761920,
        7761920,
        7761920
      ],
      "exit_codes": [
        0,
        0,
        0,
        0,
        0,
        0,
        0,
        0,
        0,
        0,
        0,
        0,
        0,
        0,
        0
      ]
    },
    {
      "command": "rg synthetic__zero_match_literal__match",
      "mean": 0.0077439174666666674,
      "stddev": 0.0013834138499945845,
      "median": 0.007585929000000001,
      "user": 0.007535866666666667,
      "system": 0.013532199999999998,
      "min": 0.005786963,
      "max": 0.009942408,
      "times": [
        0.00896359,
        0.009942408,
        0.007585929000000001,
        0.006218961,
        0.006956356,
        0.008454471,
        0.009904195000000001,
        0.005912446,
        0.005786963,
        0.0070855530000000005,
        0.008523623000000001,
        0.0067673970000000005,
        0.009377246,
        0.0070596140000000005,
        0.007620010000000001
      ],
      "memory_usage_byte": [
        7761920,
        7761920,
        7761920,
        7761920,
        7761920,
        7761920,
        7761920,
        7761920,
        7761920,
        7761920,
        7761920,
        7761920,
        7761920,
        7761920,
        7761920
      ],
      "exit_codes": [
        1,
        1,
        1,
        1,
        1,
        1,
        1,
        1,
        1,
        1,
        1,
        1,
        1,
        1,
        1
      ]
    }
  ]
}
