{
  "results": [
    {
      "command": "agentgrep synthetic__hidden__paths_only",
      "mean": 0.011216919066666668,
      "stddev": 0.0018623675578219733,
      "median": 0.011049361,
      "user": 0.005961266666666667,
      "system": 0.015862133333333327,
      "min": 0.008553549,
      "max": 0.015610266000000001,
      "times": [
        0.011049361,
        0.012575834000000001,
        0.010810825000000001,
        0.010104414,
        0.009560834,
        0.011067468,
        0.011243904,
        0.014462802,
        0.010522227,
        0.011617194,
        0.015610266000000001,
        0.008553549,
        0.009608614000000001,
        0.009761995,
        0.011704499
      ],
      "memory_usage_byte": [
        7450624,
        7450624,
        7450624,
        7450624,
        7450624,
        7450624,
        7450624,
        7450624,
        7667712,
        7667712,
        7667712,
        7667712,
        7667712,
        7667712,
        7667712
      ],
      "exit_codes": [
        0,
        0,
        0,
        0,
        0,
        0,
        0,
        0,
        0,
        0,
        0,
        0,
        0,
        0,
        0
      ]
    },
    {
      "command": "rg synthetic__hidden__paths_only",
      "mean": 0.0099777996,
      "stddev": 0.001436722173979954,
      "median": 0.009874938,
      "user": 0.0065964,
      "system": 0.013681333333333334,
      "min": 0.008418390000000001,
      "max": 0.014065446,
      "times": [
        0.008486881,
        0.008418390000000001,
        0.009282470000000001,
        0.010398774000000001,
        0.008647387000000001,
        0.009545533,
        0.011095219,
        0.009091172,
        0.010438082000000001,
        0.010701452,
        0.009874938,
        0.014065446,
        0.008801587000000001,
        0.010845582000000001,
        0.009974081000000001
      ],
      "memory_usage_byte": [
        7667712,
        7667712,
        7667712,
        7667712,
        7667712,
        7667712,
        7667712,
        7667712,
        7667712,
        7667712,
        7667712,
        7667712,
        7667712,
        7667712,
        7667712
      ],
      "exit_codes": [
        0,
        0,
        0,
        0,
        0,
        0,
        0,
        0,
        0,
        0,
        0,
        0,
        0,
        0,
        0
      ]
    }
  ]
}
