{
  "results": [
    {
      "command": "agentgrep synthetic__glob_md__paths_only",
      "mean": 0.007389342733333333,
      "stddev": 0.0012483717742858076,
      "median": 0.0075536940000000006,
      "user": 0.003915533333333333,
      "system": 0.0061085333333333325,
      "min": 0.005276825000000001,
      "max": 0.008957868,
      "times": [
        0.0054342570000000005,
        0.007004257000000001,
        0.008957868,
        0.007263774000000001,
        0.005774683,
        0.005276825000000001,
        0.005999257,
        0.008263889,
        0.007770638000000001,
        0.008830085000000001,
        0.008817573,
        0.0075536940000000006,
        0.00828621,
        0.008094102,
        0.007513029
      ],
      "memory_usage_byte": [
        7430144,
        7430144,
        7430144,
        7491584,
        7491584,
        7491584,
        7491584,
        7491584,
        7491584,
        7491584,
        7491584,
        7491584,
        7491584,
        7491584,
        7491584
      ],
      "exit_codes": [
        0,
        0,
        0,
        0,
        0,
        0,
        0,
        0,
        0,
        0,
        0,
        0,
        0,
        0,
        0
      ]
    },
    {
      "command": "rg synthetic__glob_md__paths_only",
      "mean": 0.005920915133333334,
      "stddev": 0.0008321486048710519,
      "median": 0.005830124000000001,
      "user": 0.0028293333333333334,
      "system": 0.005784266666666666,
      "min": 0.004919596,
      "max": 0.008105597,
      "times": [
        0.006063368,
        0.006415452,
        0.0052418230000000005,
        0.006331962,
        0.006369279,
        0.004998082,
        0.006479899000000001,
        0.005830124000000001,
        0.005727057000000001,
        0.004919596,
        0.005012318,
        0.005205395000000001,
        0.006402362,
        0.008105597,
        0.005711413
      ],
      "memory_usage_byte": [
        7491584,
        7491584,
        7491584,
        7491584,
        7491584,
        7491584,
        7491584,
        7491584,
        7491584,
        7491584,
        7491584,
        7491584,
        7491584,
        7495680,
        7495680
      ],
      "exit_codes": [
        0,
        0,
        0,
        0,
        0,
        0,
        0,
        0,
        0,
        0,
        0,
        0,
        0,
        0,
        0
      ]
    }
  ]
}
