{
  "results": [
    {
      "command": "agentgrep synthetic__glob_md__match",
      "mean": 0.006991642333333333,
      "stddev": 0.0006138853926274683,
      "median": 0.00693473,
      "user": 0.0038071333333333335,
      "system": 0.006518199999999999,
      "min": 0.006196974,
      "max": 0.008657398,
      "times": [
        0.0066078840000000005,
        0.007167843,
        0.00666236,
        0.007140536,
        0.006196974,
        0.007570191,
        0.006382855000000001,
        0.006993928000000001,
        0.007249406000000001,
        0.00753085,
        0.008657398,
        0.0065453130000000005,
        0.006529433,
        0.006704934,
        0.00693473
      ],
      "memory_usage_byte": [
        7426048,
        7569408,
        7569408,
        7569408,
        7569408,
        7569408,
        7569408,
        7569408,
        7569408,
        7569408,
        7569408,
        7569408,
        7569408,
        7569408,
        7569408
      ],
      "exit_codes": [
        0,
        0,
        0,
        0,
        0,
        0,
        0,
        0,
        0,
        0,
        0,
        0,
        0,
        0,
        0
      ]
    },
    {
      "command": "rg synthetic__glob_md__match",
      "mean": 0.005927073466666668,
      "stddev": 0.0008765158320267538,
      "median": 0.005818566000000001,
      "user": 0.0038847333333333327,
      "system": 0.0045318,
      "min": 0.004473817000000001,
      "max": 0.007558459000000001,
      "times": [
        0.006424895000000001,
        0.005951142,
        0.007170181,
        0.005818566000000001,
        0.005746515000000001,
        0.006234094000000001,
        0.006107269,
        0.007004687000000001,
        0.004806329000000001,
        0.0057914740000000004,
        0.004473817000000001,
        0.004831951,
        0.005550397,
        0.005436326,
        0.007558459000000001
      ],
      "memory_usage_byte": [
        7569408,
        7569408,
        7569408,
        7569408,
        7569408,
        7569408,
        7569408,
        7569408,
        7569408,
        7569408,
        7569408,
        7569408,
        7569408,
        7569408,
        7569408
      ],
      "exit_codes": [
        0,
        0,
        0,
        0,
        0,
        0,
        0,
        0,
        0,
        0,
        0,
        0,
        0,
        0,
        0
      ]
    }
  ]
}
