{
  "results": [
    {
      "command": "agentgrep synthetic__common_literal__match",
      "mean": 0.01864267186666667,
      "stddev": 0.002153689987761598,
      "median": 0.018318797,
      "user": 0.013900066666666665,
      "system": 0.026618066666666666,
      "min": 0.016144256000000003,
      "max": 0.025146627,
      "times": [
        0.018779083000000002,
        0.018459745,
        0.021072220000000003,
        0.025146627,
        0.017987266000000002,
        0.018166525000000003,
        0.019552832000000003,
        0.016368066,
        0.016144256000000003,
        0.018318797,
        0.017795677000000003,
        0.01795155,
        0.018459267,
        0.018327742,
        0.017110425000000002
      ],
      "memory_usage_byte": [
        9052160,
        9052160,
        9052160,
        9052160,
        9224192,
        9224192,
        9224192,
        9224192,
        9224192,
        9224192,
        9273344,
        9273344,
        9273344,
        9273344,
        9273344
      ],
      "exit_codes": [
        0,
        0,
        0,
        0,
        0,
        0,
        0,
        0,
        0,
        0,
        0,
        0,
        0,
        0,
        0
      ]
    },
    {
      "command": "rg synthetic__common_literal__match",
      "mean": 0.008325027733333334,
      "stddev": 0.0009776039140194815,
      "median": 0.008628929,
      "user": 0.009109266666666668,
      "system": 0.014077466666666667,
      "min": 0.006940808000000001,
      "max": 0.009612755,
      "times": [
        0.006940808000000001,
        0.007033612000000001,
        0.008925768,
        0.007650073,
        0.009612755,
        0.008628929,
        0.008659724,
        0.007217752,
        0.009244848,
        0.009176112,
        0.009315076,
        0.007367950000000001,
        0.0073088020000000005,
        0.009504165,
        0.008289042
      ],
      "memory_usage_byte": [
        9273344,
        9273344,
        9273344,
        9273344,
        9273344,
        9273344,
        9273344,
        9273344,
        9273344,
        9273344,
        9273344,
        9273344,
        9273344,
        9273344,
        9273344
      ],
      "exit_codes": [
        0,
        0,
        0,
        0,
        0,
        0,
        0,
        0,
        0,
        0,
        0,
        0,
        0,
        0,
        0
      ]
    }
  ]
}
