{
  "results": [
    {
      "command": "agentgrep synthetic__regex_class__paths_only",
      "mean": 0.009870537533333335,
      "stddev": 0.002732959580413901,
      "median": 0.009149210000000001,
      "user": 0.005942533333333334,
      "system": 0.013497666666666668,
      "min": 0.006851379,
      "max": 0.017267139,
      "times": [
        0.009041569000000001,
        0.017267139,
        0.014465108,
        0.007370448000000001,
        0.008921135,
        0.006851379,
        0.009423915,
        0.009280009,
        0.008470318000000001,
        0.010675881,
        0.009149210000000001,
        0.011137309000000001,
        0.008362300000000001,
        0.009829465,
        0.007812878
      ],
      "memory_usage_byte": [
        7626752,
        7626752,
        7626752,
        7626752,
        7626752,
        7626752,
        7626752,
        7626752,
        7626752,
        7626752,
        7626752,
        7626752,
        7626752,
        7626752,
        7626752
      ],
      "exit_codes": [
        0,
        0,
        0,
        0,
        0,
        0,
        0,
        0,
        0,
        0,
        0,
        0,
        0,
        0,
        0
      ]
    },
    {
      "command": "rg synthetic__regex_class__paths_only",
      "mean": 0.0091771208,
      "stddev": 0.0009383718492347113,
      "median": 0.008987475,
      "user": 0.005538066666666667,
      "system": 0.0133338,
      "min": 0.007142554000000001,
      "max": 0.010643598,
      "times": [
        0.010643598,
        0.008932664,
        0.010437533,
        0.008939073,
        0.009890318,
        0.010271671000000001,
        0.009562885,
        0.009518567,
        0.0092204,
        0.008876514,
        0.008865115,
        0.007898594,
        0.007142554000000001,
        0.008987475,
        0.008469851
      ],
      "memory_usage_byte": [
        7626752,
        7626752,
        7626752,
        7626752,
        7626752,
        7626752,
        7626752,
        7626752,
        7626752,
        7626752,
        7626752,
        7626752,
        7626752,
        7626752,
        7626752
      ],
      "exit_codes": [
        0,
        0,
        0,
        0,
        0,
        0,
        0,
        0,
        0,
        0,
        0,
        0,
        0,
        0,
        0
      ]
    }
  ]
}
