{
  "results": [
    {
      "command": "agentgrep synthetic__glob_md__match",
      "mean": 0.006010702266666668,
      "stddev": 0.0008366000579919097,
      "median": 0.005837885,
      "user": 0.0029680666666666664,
      "system": 0.005493466666666667,
      "min": 0.005108591,
      "max": 0.007713237,
      "times": [
        0.00559763,
        0.005489321,
        0.005194838,
        0.005637745,
        0.006395186000000001,
        0.005108591,
        0.007155444,
        0.007423286,
        0.006339274000000001,
        0.005908462000000001,
        0.005156967,
        0.005895448,
        0.005837885,
        0.0053072200000000005,
        0.007713237
      ],
      "memory_usage_byte": [
        7430144,
        7442432,
        7442432,
        7610368,
        7610368,
        7610368,
        7610368,
        7610368,
        7610368,
        7610368,
        7610368,
        7610368,
        7610368,
        7610368,
        7610368
      ],
      "exit_codes": [
        0,
        0,
        0,
        0,
        0,
        0,
        0,
        0,
        0,
        0,
        0,
        0,
        0,
        0,
        0
      ]
    },
    {
      "command": "rg synthetic__glob_md__match",
      "mean": 0.006440227733333334,
      "stddev": 0.0016740772212587734,
      "median": 0.006034659,
      "user": 0.003267266666666666,
      "system": 0.0041438000000000004,
      "min": 0.004428828,
      "max": 0.011087699000000001,
      "times": [
        0.0051309220000000004,
        0.004992471,
        0.005841054,
        0.007161684000000001,
        0.004973611,
        0.006034659,
        0.006654669,
        0.007738731,
        0.006935887000000001,
        0.007712017000000001,
        0.0071912700000000005,
        0.011087699000000001,
        0.0055747470000000006,
        0.004428828,
        0.005145167
      ],
      "memory_usage_byte": [
        7610368,
        7610368,
        7610368,
        7610368,
        7610368,
        7610368,
        7610368,
        7610368,
        7610368,
        7610368,
        7610368,
        7610368,
        7610368,
        7610368,
        7610368
      ],
      "exit_codes": [
        0,
        0,
        0,
        0,
        0,
        0,
        0,
        0,
        0,
        0,
        0,
        0,
        0,
        0,
        0
      ]
    }
  ]
}
