{
  "results": [
    {
      "command": "agentgrep synthetic__regex_class__match",
      "mean": 0.011892005866666666,
      "stddev": 0.001358893521518459,
      "median": 0.011803373,
      "user": 0.006246266666666666,
      "system": 0.015781466666666667,
      "min": 0.010124984,
      "max": 0.014890222000000002,
      "times": [
        0.012335716,
        0.011821222000000001,
        0.013042648,
        0.011803373,
        0.012423141,
        0.010895285000000001,
        0.013388342000000001,
        0.011311905,
        0.013501637,
        0.014890222000000002,
        0.010949789000000001,
        0.010859681000000001,
        0.010404206000000001,
        0.010124984,
        0.010627937
      ],
      "memory_usage_byte": [
        7499776,
        7499776,
        7581696,
        7581696,
        7581696,
        7581696,
        7581696,
        7581696,
        7778304,
        7778304,
        7778304,
        7778304,
        7778304,
        7778304,
        7778304
      ],
      "exit_codes": [
        0,
        0,
        0,
        0,
        0,
        0,
        0,
        0,
        0,
        0,
        0,
        0,
        0,
        0,
        0
      ]
    },
    {
      "command": "rg synthetic__regex_class__match",
      "mean": 0.009176602800000001,
      "stddev": 0.0015095510234122216,
      "median": 0.008774831,
      "user": 0.0062368,
      "system": 0.012405399999999999,
      "min": 0.007095874,
      "max": 0.012836588000000001,
      "times": [
        0.009864951,
        0.008774831,
        0.009252360000000001,
        0.007747198,
        0.008726406,
        0.010918733,
        0.007589966,
        0.008139911,
        0.008629249,
        0.007095874,
        0.009582685,
        0.007886236000000001,
        0.01032164,
        0.010282414,
        0.012836588000000001
      ],
      "memory_usage_byte": [
        7778304,
        7778304,
        7778304,
        7778304,
        7778304,
        7778304,
        7778304,
        7782400,
        7782400,
        7852032,
        7852032,
        7852032,
        7852032,
        7852032,
        7852032
      ],
      "exit_codes": [
        0,
        0,
        0,
        0,
        0,
        0,
        0,
        0,
        0,
        0,
        0,
        0,
        0,
        0,
        0
      ]
    }
  ]
}
