{
  "results": [
    {
      "command": "agentgrep synthetic__type_rs__paths_only",
      "mean": 0.00975872286666667,
      "stddev": 0.0011588513483081222,
      "median": 0.009801402,
      "user": 0.007901533333333334,
      "system": 0.010780266666666668,
      "min": 0.007562269000000001,
      "max": 0.011886776,
      "times": [
        0.011139632,
        0.010288556,
        0.007562269000000001,
        0.009378775,
        0.010318849000000001,
        0.010728654,
        0.008610608,
        0.011886776,
        0.009801402,
        0.009506484,
        0.008624715,
        0.009418331,
        0.008399302,
        0.009853638000000001,
        0.010862852000000001
      ],
      "memory_usage_byte": [
        7106560,
        7380992,
        7557120,
        7557120,
        7557120,
        7589888,
        7589888,
        7589888,
        7589888,
        7589888,
        7589888,
        7589888,
        7589888,
        7589888,
        7589888
      ],
      "exit_codes": [
        0,
        0,
        0,
        0,
        0,
        0,
        0,
        0,
        0,
        0,
        0,
        0,
        0,
        0,
        0
      ]
    },
    {
      "command": "rg synthetic__type_rs__paths_only",
      "mean": 0.007902813666666668,
      "stddev": 0.0008962382408538534,
      "median": 0.007885438,
      "user": 0.006530133333333333,
      "system": 0.011471666666666666,
      "min": 0.006086182000000001,
      "max": 0.008935845000000001,
      "times": [
        0.006086182000000001,
        0.007669431000000001,
        0.007358441,
        0.008135315,
        0.007642692,
        0.0066690230000000005,
        0.008935845000000001,
        0.008923093,
        0.007885438,
        0.008693718000000001,
        0.007831543,
        0.008769132,
        0.008722837,
        0.006710664000000001,
        0.008508851000000001
      ],
      "memory_usage_byte": [
        7622656,
        7622656,
        7622656,
        7622656,
        7622656,
        7622656,
        7622656,
        7622656,
        7622656,
        7622656,
        7622656,
        7622656,
        7622656,
        7622656,
        7622656
      ],
      "exit_codes": [
        0,
        0,
        0,
        0,
        0,
        0,
        0,
        0,
        0,
        0,
        0,
        0,
        0,
        0,
        0
      ]
    }
  ]
}
