{
  "results": [
    {
      "command": "agentgrep synthetic__rare_literal__paths_only",
      "mean": 0.0089876174,
      "stddev": 0.0008341530844866205,
      "median": 0.009232154000000001,
      "user": 0.006408066666666666,
      "system": 0.0149552,
      "min": 0.007903269000000001,
      "max": 0.010345101,
      "times": [
        0.010006076000000001,
        0.009536713,
        0.00877732,
        0.009318964,
        0.007903269000000001,
        0.008216841,
        0.008183335,
        0.009410567,
        0.009232154000000001,
        0.009955739,
        0.008038659,
        0.00963834,
        0.008164042,
        0.010345101,
        0.008087141
      ],
      "memory_usage_byte": [
        7438336,
        7438336,
        7438336,
        7634944,
        7634944,
        7634944,
        7634944,
        7634944,
        7634944,
        7634944,
        7634944,
        7634944,
        7634944,
        7634944,
        7634944
      ],
      "exit_codes": [
        0,
        0,
        0,
        0,
        0,
        0,
        0,
        0,
        0,
        0,
        0,
        0,
        0,
        0,
        0
      ]
    },
    {
      "command": "rg synthetic__rare_literal__paths_only",
      "mean": 0.007820002466666667,
      "stddev": 0.0006703597797867168,
      "median": 0.007704801000000001,
      "user": 0.006465133333333334,
      "system": 0.013660666666666665,
      "min": 0.006618954000000001,
      "max": 0.008953721000000001,
      "times": [
        0.008364271000000001,
        0.007593481000000001,
        0.007341975000000001,
        0.008484579,
        0.0076212400000000005,
        0.007841521,
        0.008325515,
        0.008953721000000001,
        0.007802697000000001,
        0.006618954000000001,
        0.006812874,
        0.008821885,
        0.007704801000000001,
        0.00761061,
        0.007401913
      ],
      "memory_usage_byte": [
        7634944,
        7634944,
        7634944,
        7634944,
        7634944,
        7634944,
        7634944,
        7634944,
        7634944,
        7634944,
        7634944,
        7634944,
        7634944,
        7634944,
        7634944
      ],
      "exit_codes": [
        0,
        0,
        0,
        0,
        0,
        0,
        0,
        0,
        0,
        0,
        0,
        0,
        0,
        0,
        0
      ]
    }
  ]
}
