{
  "results": [
    {
      "command": "agentgrep synthetic__rare_literal__paths_only",
      "mean": 0.007550657466666668,
      "stddev": 0.0005432280080507984,
      "median": 0.007564227000000001,
      "user": 0.005468866666666666,
      "system": 0.012121733333333332,
      "min": 0.006683817000000001,
      "max": 0.00850419,
      "times": [
        0.006935883,
        0.008053748000000001,
        0.006940672,
        0.00776498,
        0.008362673000000001,
        0.007624657000000001,
        0.007021603,
        0.007342054000000001,
        0.007310102000000001,
        0.007564227000000001,
        0.008140383000000001,
        0.007613779,
        0.007397094000000001,
        0.00850419,
        0.006683817000000001
      ],
      "memory_usage_byte": [
        7483392,
        7557120,
        7557120,
        7557120,
        7557120,
        7557120,
        7557120,
        7557120,
        7557120,
        7557120,
        7634944,
        7634944,
        7634944,
        7634944,
        7634944
      ],
      "exit_codes": [
        0,
        0,
        0,
        0,
        0,
        0,
        0,
        0,
        0,
        0,
        0,
        0,
        0,
        0,
        0
      ]
    },
    {
      "command": "rg synthetic__rare_literal__paths_only",
      "mean": 0.006286404866666668,
      "stddev": 0.0006793710864640987,
      "median": 0.006101457,
      "user": 0.005181733333333332,
      "system": 0.010793866666666667,
      "min": 0.005317296,
      "max": 0.0073510830000000004,
      "times": [
        0.0073510830000000004,
        0.007027088000000001,
        0.005816536000000001,
        0.007098910000000001,
        0.005619461,
        0.006425627000000001,
        0.006556314000000001,
        0.005824198,
        0.007029449,
        0.006101457,
        0.005658654,
        0.005317296,
        0.005501875000000001,
        0.007001106000000001,
        0.0059670190000000005
      ],
      "memory_usage_byte": [
        7634944,
        7634944,
        7634944,
        7634944,
        7634944,
        7634944,
        7634944,
        7634944,
        7634944,
        7634944,
        7634944,
        7634944,
        7634944,
        7634944,
        7634944
      ],
      "exit_codes": [
        0,
        0,
        0,
        0,
        0,
        0,
        0,
        0,
        0,
        0,
        0,
        0,
        0,
        0,
        0
      ]
    }
  ]
}
