{
  "results": [
    {
      "command": "agentgrep synthetic__regex_class__match",
      "mean": 0.009736581666666666,
      "stddev": 0.0009912802989582043,
      "median": 0.009483569,
      "user": 0.008237866666666666,
      "system": 0.014455399999999998,
      "min": 0.008799283,
      "max": 0.012320368,
      "times": [
        0.011566881000000001,
        0.012320368,
        0.009483569,
        0.00892864,
        0.009306094,
        0.008871261,
        0.009459311,
        0.010387486000000001,
        0.009585302,
        0.009437429,
        0.009653415,
        0.009728592000000001,
        0.00900715,
        0.008799283,
        0.009513944
      ],
      "memory_usage_byte": [
        7622656,
        7622656,
        7774208,
        7774208,
        7774208,
        7774208,
        7774208,
        7774208,
        7774208,
        7774208,
        7774208,
        7774208,
        7774208,
        7774208,
        7774208
      ],
      "exit_codes": [
        0,
        0,
        0,
        0,
        0,
        0,
        0,
        0,
        0,
        0,
        0,
        0,
        0,
        0,
        0
      ]
    },
    {
      "command": "rg synthetic__regex_class__match",
      "mean": 0.007799528866666668,
      "stddev": 0.0009791198812597586,
      "median": 0.007821912,
      "user": 0.007406866666666666,
      "system": 0.013935333333333333,
      "min": 0.006542537,
      "max": 0.010319787,
      "times": [
        0.008631676000000001,
        0.007121635,
        0.007472651,
        0.006542537,
        0.006991141,
        0.006761736000000001,
        0.008432134,
        0.007821912,
        0.010319787,
        0.006819053,
        0.008171207,
        0.008532985,
        0.008175869,
        0.007946026,
        0.007252584
      ],
      "memory_usage_byte": [
        7774208,
        7774208,
        7774208,
        7774208,
        7774208,
        7774208,
        7774208,
        7774208,
        7774208,
        7774208,
        7774208,
        7774208,
        7774208,
        7774208,
        7774208
      ],
      "exit_codes": [
        0,
        0,
        0,
        0,
        0,
        0,
        0,
        0,
        0,
        0,
        0,
        0,
        0,
        0,
        0
      ]
    }
  ]
}
