{
  "results": [
    {
      "command": "agentgrep synthetic__type_rs__paths_only",
      "mean": 0.008967395999999999,
      "stddev": 0.0012619060738302086,
      "median": 0.008944685,
      "user": 0.005379399999999999,
      "system": 0.0100284,
      "min": 0.007051338000000001,
      "max": 0.011516295000000001,
      "times": [
        0.009350892000000001,
        0.007472818000000001,
        0.008773359000000001,
        0.010072228,
        0.011516295000000001,
        0.008142775,
        0.009217117,
        0.007178536,
        0.010910953000000001,
        0.007051338000000001,
        0.008944685,
        0.008650432000000001,
        0.009296878,
        0.009494076,
        0.008438558
      ],
      "memory_usage_byte": [
        7249920,
        7249920,
        7249920,
        7249920,
        7319552,
        7319552,
        7319552,
        7319552,
        7319552,
        7380992,
        7380992,
        7380992,
        7380992,
        7380992,
        7380992
      ],
      "exit_codes": [
        0,
        0,
        0,
        0,
        0,
        0,
        0,
        0,
        0,
        0,
        0,
        0,
        0,
        0,
        0
      ]
    },
    {
      "command": "rg synthetic__type_rs__paths_only",
      "mean": 0.008358232866666667,
      "stddev": 0.0012386272001331537,
      "median": 0.008314464,
      "user": 0.005428866666666668,
      "system": 0.010318266666666668,
      "min": 0.006299547,
      "max": 0.011309290000000001,
      "times": [
        0.006299547,
        0.011309290000000001,
        0.008229294,
        0.008668312000000001,
        0.008760138,
        0.009655564,
        0.008455369,
        0.008314464,
        0.00949873,
        0.0076401640000000005,
        0.008822349,
        0.007042162,
        0.007836684,
        0.006800466000000001,
        0.00804096
      ],
      "memory_usage_byte": [
        7380992,
        7380992,
        7380992,
        7380992,
        7380992,
        7540736,
        7540736,
        7540736,
        7540736,
        7540736,
        7540736,
        7540736,
        7540736,
        7540736,
        7540736
      ],
      "exit_codes": [
        0,
        0,
        0,
        0,
        0,
        0,
        0,
        0,
        0,
        0,
        0,
        0,
        0,
        0,
        0
      ]
    }
  ]
}
