{
  "results": [
    {
      "command": "agentgrep synthetic__common_literal__match",
      "mean": 0.0166326236,
      "stddev": 0.0011445907785963007,
      "median": 0.016493139,
      "user": 0.013651466666666667,
      "system": 0.022481266666666666,
      "min": 0.014621851000000002,
      "max": 0.019081497000000003,
      "times": [
        0.018776159,
        0.017241088,
        0.017045035,
        0.016820205,
        0.016035983,
        0.015701071,
        0.016493139,
        0.016802308000000002,
        0.016329892000000002,
        0.019081497000000003,
        0.016654477,
        0.015559818000000001,
        0.016459587,
        0.014621851000000002,
        0.015867244000000003
      ],
      "memory_usage_byte": [
        8794112,
        8859648,
        8859648,
        8859648,
        8921088,
        8921088,
        8921088,
        8921088,
        8921088,
        8921088,
        8921088,
        8921088,
        8921088,
        8921088,
        8925184
      ],
      "exit_codes": [
        0,
        0,
        0,
        0,
        0,
        0,
        0,
        0,
        0,
        0,
        0,
        0,
        0,
        0,
        0
      ]
    },
    {
      "command": "rg synthetic__common_literal__match",
      "mean": 0.0083404586,
      "stddev": 0.0009013937805569136,
      "median": 0.008359331000000001,
      "user": 0.007391333333333333,
      "system": 0.013907266666666664,
      "min": 0.006915404000000001,
      "max": 0.009682312,
      "times": [
        0.008359331000000001,
        0.007451719000000001,
        0.009682312,
        0.008459499,
        0.00858076,
        0.009215694,
        0.009358992,
        0.009641024,
        0.008844900000000001,
        0.007222317000000001,
        0.007885519,
        0.008258493,
        0.008072135000000001,
        0.006915404000000001,
        0.007158780000000001
      ],
      "memory_usage_byte": [
        8925184,
        8925184,
        8925184,
        8925184,
        8925184,
        8925184,
        8925184,
        8925184,
        8925184,
        8925184,
        8925184,
        8925184,
        8925184,
        8925184,
        8925184
      ],
      "exit_codes": [
        0,
        0,
        0,
        0,
        0,
        0,
        0,
        0,
        0,
        0,
        0,
        0,
        0,
        0,
        0
      ]
    }
  ]
}
