{
  "results": [
    {
      "command": "agentgrep synthetic__regex_alternation__paths_only",
      "mean": 0.009484320800000001,
      "stddev": 0.001108406725181768,
      "median": 0.009506746,
      "user": 0.007259733333333334,
      "system": 0.0122756,
      "min": 0.007525604000000001,
      "max": 0.011719704000000001,
      "times": [
        0.008782782000000001,
        0.010139150000000001,
        0.009539967,
        0.011719704000000001,
        0.010712405000000001,
        0.009547433000000001,
        0.009506746,
        0.010935474,
        0.010003999000000001,
        0.008516251,
        0.009239541,
        0.009383265,
        0.008382402,
        0.008330089,
        0.007525604000000001
      ],
      "memory_usage_byte": [
        7528448,
        7528448,
        7528448,
        7528448,
        7528448,
        7528448,
        7528448,
        7528448,
        7528448,
        7528448,
        7528448,
        7528448,
        7528448,
        7528448,
        7528448
      ],
      "exit_codes": [
        0,
        0,
        0,
        0,
        0,
        0,
        0,
        0,
        0,
        0,
        0,
        0,
        0,
        0,
        0
      ]
    },
    {
      "command": "rg synthetic__regex_alternation__paths_only",
      "mean": 0.008067936133333333,
      "stddev": 0.001403833642879224,
      "median": 0.007638317,
      "user": 0.005617333333333333,
      "system": 0.013472133333333332,
      "min": 0.0062712,
      "max": 0.011174408,
      "times": [
        0.007151738,
        0.00674688,
        0.008138427,
        0.009307023000000001,
        0.007291253,
        0.007538522000000001,
        0.007814724,
        0.007352399000000001,
        0.0062712,
        0.006932948,
        0.008240122,
        0.007638317,
        0.008654889,
        0.011174408,
        0.010766192
      ],
      "memory_usage_byte": [
        7634944,
        7634944,
        7634944,
        7634944,
        7634944,
        7634944,
        7634944,
        7634944,
        7634944,
        7634944,
        7634944,
        7634944,
        7634944,
        7634944,
        7634944
      ],
      "exit_codes": [
        0,
        0,
        0,
        0,
        0,
        0,
        0,
        0,
        0,
        0,
        0,
        0,
        0,
        0,
        0
      ]
    }
  ]
}
