{
  "results": [
    {
      "command": "agentgrep synthetic__regex_alternation__match",
      "mean": 0.0106381028,
      "stddev": 0.0012914922784936036,
      "median": 0.010712054,
      "user": 0.007538733333333333,
      "system": 0.0168606,
      "min": 0.008502573000000001,
      "max": 0.013239897,
      "times": [
        0.009796033,
        0.008502573000000001,
        0.009496280000000001,
        0.010712054,
        0.009274975000000001,
        0.011518700000000002,
        0.010533823000000001,
        0.010192708,
        0.011043789,
        0.009027333,
        0.011173759,
        0.012338088,
        0.013239897,
        0.011060879000000001,
        0.011660651000000001
      ],
      "memory_usage_byte": [
        7712768,
        7712768,
        7712768,
        7712768,
        7712768,
        7712768,
        7712768,
        7712768,
        7712768,
        7729152,
        7729152,
        7729152,
        7729152,
        7729152,
        7729152
      ],
      "exit_codes": [
        0,
        0,
        0,
        0,
        0,
        0,
        0,
        0,
        0,
        0,
        0,
        0,
        0,
        0,
        0
      ]
    },
    {
      "command": "rg synthetic__regex_alternation__match",
      "mean": 0.0080016254,
      "stddev": 0.0006619603758036537,
      "median": 0.008108334,
      "user": 0.007243333333333334,
      "system": 0.012964333333333335,
      "min": 0.006572889,
      "max": 0.009212685,
      "times": [
        0.008856566,
        0.008441,
        0.009212685,
        0.006572889,
        0.0073991330000000004,
        0.008107232,
        0.007561501000000001,
        0.007094683,
        0.008270306,
        0.008125987000000001,
        0.007731616,
        0.008321254,
        0.008195721000000001,
        0.008025474000000001,
        0.008108334
      ],
      "memory_usage_byte": [
        7729152,
        7729152,
        7778304,
        7778304,
        7778304,
        7778304,
        7778304,
        7778304,
        7778304,
        7778304,
        7778304,
        7778304,
        7778304,
        7778304,
        7778304
      ],
      "exit_codes": [
        0,
        0,
        0,
        0,
        0,
        0,
        0,
        0,
        0,
        0,
        0,
        0,
        0,
        0,
        0
      ]
    }
  ]
}
