{
  "results": [
    {
      "command": "agentgrep synthetic__zero_match_literal__match",
      "mean": 0.008954723999999999,
      "stddev": 0.0006626727479667903,
      "median": 0.009147319000000001,
      "user": 0.006099333333333333,
      "system": 0.0143344,
      "min": 0.007347198,
      "max": 0.010233275,
      "times": [
        0.009321477,
        0.00827253,
        0.009286175,
        0.007347198,
        0.008395898,
        0.009326059000000001,
        0.009548185,
        0.008638449000000001,
        0.008972835,
        0.008564829000000001,
        0.009216278000000001,
        0.008868452,
        0.009181901000000001,
        0.010233275,
        0.009147319000000001
      ],
      "memory_usage_byte": [
        7581696,
        7581696,
        7581696,
        7581696,
        7581696,
        7581696,
        7581696,
        7581696,
        7581696,
        7581696,
        7581696,
        7581696,
        7581696,
        7581696,
        7581696
      ],
      "exit_codes": [
        0,
        0,
        0,
        0,
        0,
        0,
        0,
        0,
        0,
        0,
        0,
        0,
        0,
        0,
        0
      ]
    },
    {
      "command": "rg synthetic__zero_match_literal__match",
      "mean": 0.007030898400000001,
      "stddev": 0.0009573437596005492,
      "median": 0.007122314,
      "user": 0.0064659999999999995,
      "system": 0.01131933333333333,
      "min": 0.0057212370000000005,
      "max": 0.008954109,
      "times": [
        0.0076586480000000005,
        0.0075402130000000005,
        0.007337878000000001,
        0.007215953000000001,
        0.00650149,
        0.007122314,
        0.0071172100000000005,
        0.008141449,
        0.006061,
        0.006326953000000001,
        0.0059889060000000004,
        0.0057212370000000005,
        0.005760451000000001,
        0.008954109,
        0.008015665
      ],
      "memory_usage_byte": [
        7688192,
        7688192,
        7688192,
        7688192,
        7688192,
        7688192,
        7688192,
        7688192,
        7688192,
        7688192,
        7688192,
        7688192,
        7688192,
        7688192,
        7688192
      ],
      "exit_codes": [
        1,
        1,
        1,
        1,
        1,
        1,
        1,
        1,
        1,
        1,
        1,
        1,
        1,
        1,
        1
      ]
    }
  ]
}
