{
  "results": [
    {
      "command": "agentgrep synthetic__zero_match_literal__paths_only",
      "mean": 0.008981267866666668,
      "stddev": 0.0018047573708130358,
      "median": 0.008554026000000001,
      "user": 0.0057596,
      "system": 0.016064866666666667,
      "min": 0.007005222,
      "max": 0.014053538,
      "times": [
        0.010304545,
        0.008438836,
        0.008495326000000001,
        0.008853866,
        0.008133336,
        0.014053538,
        0.008821245,
        0.008175656,
        0.008739179,
        0.011438592000000001,
        0.007005222,
        0.009187959,
        0.007157962,
        0.008554026000000001,
        0.00735973
      ],
      "memory_usage_byte": [
        7462912,
        7565312,
        7565312,
        7565312,
        7565312,
        7565312,
        7565312,
        7565312,
        7565312,
        7565312,
        7565312,
        7565312,
        7565312,
        7565312,
        7565312
      ],
      "exit_codes": [
        0,
        0,
        0,
        0,
        0,
        0,
        0,
        0,
        0,
        0,
        0,
        0,
        0,
        0,
        0
      ]
    },
    {
      "command": "rg synthetic__zero_match_literal__paths_only",
      "mean": 0.007093616,
      "stddev": 0.0005922941631934255,
      "median": 0.007059336,
      "user": 0.0051892,
      "system": 0.013396266666666667,
      "min": 0.006067666,
      "max": 0.008144537,
      "times": [
        0.006067666,
        0.007421662000000001,
        0.008046307,
        0.008144537,
        0.0066197700000000005,
        0.006638517,
        0.006513578000000001,
        0.007593726,
        0.007059336,
        0.007160257000000001,
        0.007654205000000001,
        0.007133966,
        0.006525858000000001,
        0.006836865,
        0.00698799
      ],
      "memory_usage_byte": [
        7630848,
        7630848,
        7630848,
        7630848,
        7630848,
        7630848,
        7630848,
        7630848,
        7630848,
        7630848,
        7630848,
        7630848,
        7630848,
        7630848,
        7671808
      ],
      "exit_codes": [
        1,
        1,
        1,
        1,
        1,
        1,
        1,
        1,
        1,
        1,
        1,
        1,
        1,
        1,
        1
      ]
    }
  ]
}
