{
  "results": [
    {
      "command": "agentgrep synthetic__dash_literal__match",
      "mean": 0.018403997266666663,
      "stddev": 0.0016820213404419302,
      "median": 0.018223003,
      "user": 0.014028333333333334,
      "system": 0.024253066666666663,
      "min": 0.01607435,
      "max": 0.021718916,
      "times": [
        0.016439270000000002,
        0.019619630000000002,
        0.019218159000000002,
        0.018084194,
        0.021358487000000002,
        0.018223003,
        0.017594071000000003,
        0.019190149,
        0.017751255,
        0.016315105,
        0.021718916,
        0.01913875,
        0.018232617,
        0.01607435,
        0.017102003
      ],
      "memory_usage_byte": [
        8794112,
        8794112,
        8794112,
        8794112,
        8794112,
        8794112,
        8794112,
        8990720,
        8990720,
        8990720,
        8990720,
        8990720,
        8990720,
        8990720,
        8990720
      ],
      "exit_codes": [
        0,
        0,
        0,
        0,
        0,
        0,
        0,
        0,
        0,
        0,
        0,
        0,
        0,
        0,
        0
      ]
    },
    {
      "command": "rg synthetic__dash_literal__match",
      "mean": 0.008730315600000002,
      "stddev": 0.0006071025261272717,
      "median": 0.008753003,
      "user": 0.008204933333333334,
      "system": 0.013974399999999998,
      "min": 0.007666639,
      "max": 0.009878580000000001,
      "times": [
        0.008553024000000001,
        0.008753003,
        0.008438127,
        0.009326826,
        0.008499926,
        0.008205018,
        0.008818632,
        0.008957781,
        0.008619451,
        0.007811343,
        0.008773141,
        0.009878580000000001,
        0.007666639,
        0.008953386,
        0.009699857000000001
      ],
      "memory_usage_byte": [
        8990720,
        8990720,
        8990720,
        8990720,
        8990720,
        8990720,
        8990720,
        8990720,
        8990720,
        8990720,
        8990720,
        8990720,
        8990720,
        8990720,
        8990720
      ],
      "exit_codes": [
        0,
        0,
        0,
        0,
        0,
        0,
        0,
        0,
        0,
        0,
        0,
        0,
        0,
        0,
        0
      ]
    }
  ]
}
