{
  "results": [
    {
      "command": "agentgrep synthetic__rare_literal__match",
      "mean": 0.0097619014,
      "stddev": 0.0016800948904749742,
      "median": 0.009877232000000001,
      "user": 0.007567533333333334,
      "system": 0.015656999999999997,
      "min": 0.007852731,
      "max": 0.013517900000000001,
      "times": [
        0.009877232000000001,
        0.008304918,
        0.010277849,
        0.009984883,
        0.012153793000000001,
        0.009895426,
        0.009312278,
        0.013517900000000001,
        0.00868318,
        0.008241535000000001,
        0.007919493,
        0.010437962,
        0.008260357000000001,
        0.007852731,
        0.011708984
      ],
      "memory_usage_byte": [
        7630848,
        7630848,
        7630848,
        7643136,
        7696384,
        7696384,
        7696384,
        7696384,
        7725056,
        7725056,
        7725056,
        7725056,
        7725056,
        7725056,
        7725056
      ],
      "exit_codes": [
        0,
        0,
        0,
        0,
        0,
        0,
        0,
        0,
        0,
        0,
        0,
        0,
        0,
        0,
        0
      ]
    },
    {
      "command": "rg synthetic__rare_literal__match",
      "mean": 0.009688983933333334,
      "stddev": 0.001858591493990638,
      "median": 0.008794198000000001,
      "user": 0.007028399999999999,
      "system": 0.016672866666666668,
      "min": 0.0069257960000000006,
      "max": 0.013561797,
      "times": [
        0.012295321000000001,
        0.010699776000000001,
        0.009047355,
        0.008302055000000001,
        0.008774516000000001,
        0.008397956,
        0.008397101,
        0.009372533,
        0.008794198000000001,
        0.008664411,
        0.012038494,
        0.0069257960000000006,
        0.008671653000000001,
        0.013561797,
        0.011391797
      ],
      "memory_usage_byte": [
        7729152,
        7729152,
        7729152,
        7729152,
        7729152,
        7729152,
        7729152,
        7729152,
        7729152,
        7729152,
        7729152,
        7729152,
        7729152,
        7729152,
        7729152
      ],
      "exit_codes": [
        0,
        0,
        0,
        0,
        0,
        0,
        0,
        0,
        0,
        0,
        0,
        0,
        0,
        0,
        0
      ]
    }
  ]
}
