{
  "results": [
    {
      "command": "agentgrep synthetic__hidden__match",
      "mean": 0.01966879846666667,
      "stddev": 0.0019183399682514892,
      "median": 0.019783329000000002,
      "user": 0.014425866666666669,
      "system": 0.027295200000000002,
      "min": 0.01657507,
      "max": 0.023039999000000002,
      "times": [
        0.019425628,
        0.019783329000000002,
        0.020209268000000002,
        0.020337547,
        0.021224822,
        0.022175584,
        0.021552313,
        0.023039999000000002,
        0.017950942,
        0.017111075,
        0.020676512,
        0.017304246000000002,
        0.01657507,
        0.018726605,
        0.018939037000000002
      ],
      "memory_usage_byte": [
        9093120,
        9093120,
        9179136,
        9179136,
        9179136,
        9179136,
        9179136,
        9179136,
        9179136,
        9179136,
        9179136,
        9179136,
        9179136,
        9179136,
        9179136
      ],
      "exit_codes": [
        0,
        0,
        0,
        0,
        0,
        0,
        0,
        0,
        0,
        0,
        0,
        0,
        0,
        0,
        0
      ]
    },
    {
      "command": "rg synthetic__hidden__match",
      "mean": 0.008689252666666666,
      "stddev": 0.0015447464200861426,
      "median": 0.008689387,
      "user": 0.009482866666666666,
      "system": 0.015030933333333333,
      "min": 0.0066195460000000005,
      "max": 0.011300174000000001,
      "times": [
        0.010207826000000001,
        0.008018542,
        0.007492572,
        0.011300174000000001,
        0.008689387,
        0.0066195460000000005,
        0.00853942,
        0.01112043,
        0.009648545000000001,
        0.006679534,
        0.007512384,
        0.00676091,
        0.008707965,
        0.010128970000000001,
        0.008912585
      ],
      "memory_usage_byte": [
        9179136,
        9179136,
        9179136,
        9179136,
        9179136,
        9179136,
        9179136,
        9179136,
        9179136,
        9179136,
        9179136,
        9179136,
        9179136,
        9179136,
        9179136
      ],
      "exit_codes": [
        0,
        0,
        0,
        0,
        0,
        0,
        0,
        0,
        0,
        0,
        0,
        0,
        0,
        0,
        0
      ]
    }
  ]
}
