{
  "results": [
    {
      "command": "agentgrep synthetic__hidden__paths_only",
      "mean": 0.011170998933333334,
      "stddev": 0.0014285895510937887,
      "median": 0.011292763,
      "user": 0.008753533333333334,
      "system": 0.017948799999999997,
      "min": 0.009241979,
      "max": 0.013827542000000002,
      "times": [
        0.009490355,
        0.011412291000000001,
        0.013266662,
        0.011775633,
        0.010194978,
        0.011550941,
        0.013827542000000002,
        0.011016102,
        0.010490905,
        0.012147633000000001,
        0.009241979,
        0.012715356,
        0.009789985000000001,
        0.011292763,
        0.009351859
      ],
      "memory_usage_byte": [
        7491584,
        7491584,
        7491584,
        7491584,
        7520256,
        7659520,
        7659520,
        7659520,
        7659520,
        7659520,
        7659520,
        7659520,
        7659520,
        7659520,
        7659520
      ],
      "exit_codes": [
        0,
        0,
        0,
        0,
        0,
        0,
        0,
        0,
        0,
        0,
        0,
        0,
        0,
        0,
        0
      ]
    },
    {
      "command": "rg synthetic__hidden__paths_only",
      "mean": 0.009042133133333335,
      "stddev": 0.0013841067168357496,
      "median": 0.008870392000000001,
      "user": 0.006699066666666667,
      "system": 0.019311800000000004,
      "min": 0.006852628,
      "max": 0.01250858,
      "times": [
        0.008366564,
        0.009348648000000001,
        0.008870392000000001,
        0.008957811000000001,
        0.007668127,
        0.008655481000000001,
        0.009796736,
        0.006852628,
        0.010495393,
        0.01250858,
        0.008183168000000001,
        0.010004206,
        0.009850648,
        0.008464674,
        0.007608941
      ],
      "memory_usage_byte": [
        7659520,
        7659520,
        7659520,
        7659520,
        7659520,
        7659520,
        7659520,
        7659520,
        7659520,
        7659520,
        7659520,
        7659520,
        7659520,
        7659520,
        7659520
      ],
      "exit_codes": [
        0,
        0,
        0,
        0,
        0,
        0,
        0,
        0,
        0,
        0,
        0,
        0,
        0,
        0,
        0
      ]
    }
  ]
}
