{
  "results": [
    {
      "command": "agentgrep synthetic__regex_class__paths_only",
      "mean": 0.009664909,
      "stddev": 0.0014672476419446525,
      "median": 0.009684038,
      "user": 0.005521133333333333,
      "system": 0.01495273333333333,
      "min": 0.007333799,
      "max": 0.013221807,
      "times": [
        0.008593655,
        0.009133441,
        0.011162556,
        0.010776706,
        0.009684038,
        0.009362163,
        0.013221807,
        0.010181850000000001,
        0.010678017000000001,
        0.009986317,
        0.009790960000000001,
        0.008458529000000001,
        0.008797494000000001,
        0.007333799,
        0.0078123030000000005
      ],
      "memory_usage_byte": [
        7417856,
        7499776,
        7499776,
        7581696,
        7581696,
        7581696,
        7581696,
        7581696,
        7753728,
        7753728,
        7753728,
        7753728,
        7753728,
        7753728,
        7753728
      ],
      "exit_codes": [
        0,
        0,
        0,
        0,
        0,
        0,
        0,
        0,
        0,
        0,
        0,
        0,
        0,
        0,
        0
      ]
    },
    {
      "command": "rg synthetic__regex_class__paths_only",
      "mean": 0.008455487266666669,
      "stddev": 0.0020056177902323144,
      "median": 0.007915957000000001,
      "user": 0.0062744666666666666,
      "system": 0.013969466666666668,
      "min": 0.006481319,
      "max": 0.014942513000000001,
      "times": [
        0.009885607000000001,
        0.006481319,
        0.008569913,
        0.0073498520000000005,
        0.008922498000000001,
        0.008302160000000001,
        0.007522084,
        0.008817437000000001,
        0.007522002000000001,
        0.008852251,
        0.007163686000000001,
        0.007535315000000001,
        0.014942513000000001,
        0.007915957000000001,
        0.007049715000000001
      ],
      "memory_usage_byte": [
        7753728,
        7753728,
        7753728,
        7753728,
        7753728,
        7753728,
        7753728,
        7753728,
        7753728,
        7753728,
        7753728,
        7753728,
        7753728,
        7753728,
        7753728
      ],
      "exit_codes": [
        0,
        0,
        0,
        0,
        0,
        0,
        0,
        0,
        0,
        0,
        0,
        0,
        0,
        0,
        0
      ]
    }
  ]
}
