{
  "results": [
    {
      "command": "agentgrep synthetic__regex_alternation__match",
      "mean": 0.011542852999999999,
      "stddev": 0.0012255519932755081,
      "median": 0.011506702,
      "user": 0.007190799999999999,
      "system": 0.01668513333333333,
      "min": 0.009143915,
      "max": 0.013472038,
      "times": [
        0.010768561000000001,
        0.013405066,
        0.012079407,
        0.009945593,
        0.011371365000000001,
        0.011506702,
        0.011987061,
        0.012762492,
        0.010939305,
        0.012653559,
        0.010850456000000001,
        0.010624416000000001,
        0.011632859,
        0.009143915,
        0.013472038
      ],
      "memory_usage_byte": [
        7761920,
        7761920,
        7761920,
        7761920,
        7761920,
        7761920,
        7761920,
        7761920,
        7761920,
        7761920,
        7761920,
        7761920,
        7761920,
        7761920,
        7761920
      ],
      "exit_codes": [
        0,
        0,
        0,
        0,
        0,
        0,
        0,
        0,
        0,
        0,
        0,
        0,
        0,
        0,
        0
      ]
    },
    {
      "command": "rg synthetic__regex_alternation__match",
      "mean": 0.008235562733333332,
      "stddev": 0.0010284483854651049,
      "median": 0.007973529,
      "user": 0.007725733333333334,
      "system": 0.013727666666666668,
      "min": 0.007008776,
      "max": 0.010967485,
      "times": [
        0.008344193,
        0.007973529,
        0.007785965000000001,
        0.007180149,
        0.008567829,
        0.008890963,
        0.008311473,
        0.007597754000000001,
        0.007590713000000001,
        0.008785571,
        0.007593989000000001,
        0.007406183,
        0.009528869,
        0.010967485,
        0.007008776
      ],
      "memory_usage_byte": [
        7806976,
        7806976,
        7806976,
        7806976,
        7806976,
        7806976,
        7806976,
        7806976,
        7806976,
        7806976,
        7806976,
        7806976,
        7806976,
        7806976,
        7806976
      ],
      "exit_codes": [
        0,
        0,
        0,
        0,
        0,
        0,
        0,
        0,
        0,
        0,
        0,
        0,
        0,
        0,
        0
      ]
    }
  ]
}
