{
  "results": [
    {
      "command": "agentgrep synthetic__dash_literal__paths_only",
      "mean": 0.010217908466666667,
      "stddev": 0.001336634568452632,
      "median": 0.010153573,
      "user": 0.007127866666666667,
      "system": 0.016595466666666666,
      "min": 0.008467707,
      "max": 0.012648079000000001,
      "times": [
        0.011374941000000001,
        0.008467707,
        0.012648079000000001,
        0.011529188000000001,
        0.012185291000000001,
        0.008607539,
        0.011005925000000001,
        0.010530204000000001,
        0.010153573,
        0.010727927,
        0.009607242,
        0.009203609,
        0.009431475,
        0.009028023000000001,
        0.008767904
      ],
      "memory_usage_byte": [
        7630848,
        7630848,
        7630848,
        7630848,
        7630848,
        7630848,
        7630848,
        7716864,
        7716864,
        7716864,
        7716864,
        7716864,
        7716864,
        7716864,
        7716864
      ],
      "exit_codes": [
        0,
        0,
        0,
        0,
        0,
        0,
        0,
        0,
        0,
        0,
        0,
        0,
        0,
        0,
        0
      ]
    },
    {
      "command": "rg synthetic__dash_literal__paths_only",
      "mean": 0.008706582066666666,
      "stddev": 0.0011280402974266901,
      "median": 0.008718397000000001,
      "user": 0.006534066666666666,
      "system": 0.016687666666666663,
      "min": 0.0070206420000000005,
      "max": 0.010756794,
      "times": [
        0.007496322000000001,
        0.009914327,
        0.0073499130000000005,
        0.008489469000000001,
        0.010756794,
        0.008839651,
        0.008526750000000001,
        0.009123893000000001,
        0.010310907000000001,
        0.008207341,
        0.0070206420000000005,
        0.007293091000000001,
        0.008911731,
        0.009639503,
        0.008718397000000001
      ],
      "memory_usage_byte": [
        7716864,
        7716864,
        7716864,
        7716864,
        7716864,
        7716864,
        7716864,
        7716864,
        7716864,
        7716864,
        7716864,
        7716864,
        7716864,
        7716864,
        7716864
      ],
      "exit_codes": [
        0,
        0,
        0,
        0,
        0,
        0,
        0,
        0,
        0,
        0,
        0,
        0,
        0,
        0,
        0
      ]
    }
  ]
}
