{
  "results": [
    {
      "command": "agentgrep synthetic__dash_literal__match",
      "mean": 0.01821898586666667,
      "stddev": 0.001298044828851117,
      "median": 0.018316822,
      "user": 0.015702466666666665,
      "system": 0.025053066666666665,
      "min": 0.015619509,
      "max": 0.020518196000000002,
      "times": [
        0.018041911,
        0.018440881000000003,
        0.016403615,
        0.018316822,
        0.018115512,
        0.019339119000000002,
        0.01925649,
        0.018180643,
        0.020041358000000002,
        0.018362586,
        0.020518196000000002,
        0.017149941000000002,
        0.015619509,
        0.018416228,
        0.017081977
      ],
      "memory_usage_byte": [
        8986624,
        8986624,
        8986624,
        8986624,
        8986624,
        8986624,
        8986624,
        8986624,
        9039872,
        9039872,
        9039872,
        9039872,
        9039872,
        9039872,
        9039872
      ],
      "exit_codes": [
        0,
        0,
        0,
        0,
        0,
        0,
        0,
        0,
        0,
        0,
        0,
        0,
        0,
        0,
        0
      ]
    },
    {
      "command": "rg synthetic__dash_literal__match",
      "mean": 0.0091819718,
      "stddev": 0.0009763104026562162,
      "median": 0.00901208,
      "user": 0.007922466666666666,
      "system": 0.013408,
      "min": 0.007867329000000001,
      "max": 0.011134626,
      "times": [
        0.010613056000000001,
        0.011134626,
        0.008781511,
        0.009845411,
        0.008390699,
        0.007910924,
        0.009570636,
        0.009714511,
        0.009914523000000001,
        0.007867329000000001,
        0.008164912,
        0.009614617,
        0.008534342,
        0.0086604,
        0.00901208
      ],
      "memory_usage_byte": [
        9039872,
        9039872,
        9039872,
        9039872,
        9039872,
        9039872,
        9039872,
        9039872,
        9039872,
        9039872,
        9039872,
        9039872,
        9039872,
        9039872,
        9039872
      ],
      "exit_codes": [
        0,
        0,
        0,
        0,
        0,
        0,
        0,
        0,
        0,
        0,
        0,
        0,
        0,
        0,
        0
      ]
    }
  ]
}
