{
  "results": [
    {
      "command": "agentgrep synthetic__glob_md__paths_only",
      "mean": 0.008625830066666668,
      "stddev": 0.002172691945495609,
      "median": 0.008017128,
      "user": 0.0031547999999999997,
      "system": 0.005206933333333333,
      "min": 0.006064089000000001,
      "max": 0.014257996,
      "times": [
        0.010417063,
        0.008775546,
        0.008711271000000001,
        0.00687018,
        0.006064089000000001,
        0.014257996,
        0.009061494,
        0.007133411,
        0.0076527140000000006,
        0.006387642000000001,
        0.00791508,
        0.007245057,
        0.011808722,
        0.009070058,
        0.008017128
      ],
      "memory_usage_byte": [
        7266304,
        7266304,
        7266304,
        7266304,
        7266304,
        7565312,
        7565312,
        7565312,
        7565312,
        7565312,
        7565312,
        7565312,
        7565312,
        7565312,
        7565312
      ],
      "exit_codes": [
        0,
        0,
        0,
        0,
        0,
        0,
        0,
        0,
        0,
        0,
        0,
        0,
        0,
        0,
        0
      ]
    },
    {
      "command": "rg synthetic__glob_md__paths_only",
      "mean": 0.006533493666666668,
      "stddev": 0.0015520192546831493,
      "median": 0.005889796,
      "user": 0.0032659333333333335,
      "system": 0.004661333333333333,
      "min": 0.005311612,
      "max": 0.010594306000000001,
      "times": [
        0.005889796,
        0.006130313,
        0.006350423,
        0.005596275,
        0.006775541,
        0.005595799,
        0.0054587820000000006,
        0.0056081460000000005,
        0.005311612,
        0.010594306000000001,
        0.006259283,
        0.007788943,
        0.005818168,
        0.005464022000000001,
        0.009360996
      ],
      "memory_usage_byte": [
        7565312,
        7565312,
        7565312,
        7565312,
        7565312,
        7565312,
        7565312,
        7565312,
        7565312,
        7565312,
        7565312,
        7565312,
        7565312,
        7565312,
        7565312
      ],
      "exit_codes": [
        0,
        0,
        0,
        0,
        0,
        0,
        0,
        0,
        0,
        0,
        0,
        0,
        0,
        0,
        0
      ]
    }
  ]
}
